model,distribution,persistence,n,tau,scale,replications,valid_wald,bias,bias_mcse,rmse,rmse_mcse,wald_sd,wald_sd_mcse,coverage,coverage_mcse
GARCH,normal,low,500,tau_0p01,xi,10000,9998,-0.009885182840015548,0.0028153322785649487,0.281692650119308,0.06281975440317969,1.1037990028299594,0.009246492023479522,0.9273854770954191,0.002595286592901054
GARCH,normal,low,500,tau_0p01,ce,10000,9998,-0.006322199018631293,0.0029189188233190123,0.29194575024239444,0.049750234054109034,1.0983032720912138,0.009137599591069245,0.9274854970994199,0.0025936384422351544
GARCH,normal,low,500,tau_0p05,xi,10000,9997,-0.005716964680857201,0.0007975477990742144,0.07995544084520825,0.009517981996573511,1.067176175317628,0.009439075893121984,0.9356807042112634,0.0024535766564997637
GARCH,normal,low,500,tau_0p05,ce,10000,9997,-0.004191377565733119,0.0011603396439803578,0.11610384210582256,0.005118142008517411,1.0460906636656448,0.00800291764671532,0.9383815144543363,0.002404974001617646
GARCH,t8,low,500,tau_0p01,xi,10000,9998,-0.00887431290505874,0.00395445733396095,0.395525528579264,0.13576685608272368,1.1293449405250449,0.009553822478717148,0.9184836967393478,0.0027365374625233463
GARCH,t8,low,500,tau_0p01,ce,10000,10000,-0.004940600329329287,0.004360635386854347,0.436069723967969,0.12101880424514631,1.1712890157610176,0.013654234149387792,0.9113,0.0028431023548229845
GARCH,t8,low,500,tau_0p05,xi,10000,9998,-0.007522375335243055,0.0010482097544543894,0.10508531905232173,0.02087992289145367,1.0763406288340438,0.009353306092846174,0.9328865773154631,0.0025024335261342916
GARCH,t8,low,500,tau_0p05,ce,10000,10000,-0.005623923839935949,0.0015591243237713522,0.15600603905123414,0.013487214305396716,1.0710621224142585,0.010274268174915682,0.9347,0.0024705446767868825
GARCH,t4,low,500,tau_0p01,xi,10000,9999,-0.07186403508555964,0.024586566218376283,2.4595837705608616,0.6995905010101373,1.1699193745785874,0.009815949902574863,0.905990599059906,0.002918563884689312
GARCH,t4,low,500,tau_0p01,ce,10000,9999,-0.02108723220538393,0.005856759017797541,0.586026135647054,0.0355078048018222,1.2989487293379447,0.014959224590221542,0.8776877687768777,0.0032766245678274197
GARCH,t4,low,500,tau_0p05,xi,10000,9999,-0.04320904067105056,0.0118123363304627,1.1819646296509123,0.3348607326573575,1.1245650755891132,0.011950729600252893,0.918091809180918,0.002742385089147839
GARCH,t4,low,500,tau_0p05,ce,10000,9999,-0.015000906580344883,0.002432006003689295,0.2436506609160706,0.017884177365337647,1.1066231570858622,0.012109477335897774,0.9271927192719271,0.0025983289228703873
GARCH,normal,high,500,tau_0p01,xi,10000,9991,-0.06572153076475526,0.013073788832611238,1.308964453317479,0.4836745942427237,1.1262348232588395,0.009762088644247052,0.9171254128715844,0.0027581670962486607
GARCH,normal,high,500,tau_0p01,ce,10000,9992,-0.06194743508525335,0.009308482680423604,0.9328608336623916,0.26443715953044145,1.1529218935783245,0.010311527539920647,0.9167333867093675,0.002763953688499105
GARCH,normal,high,500,tau_0p05,xi,10000,9990,-0.024161086163543958,0.00279201847853355,0.2802313946761599,0.10375279337441874,1.0892617221374066,0.00923191416270691,0.9212212212212212,0.0026952797279878775
GARCH,normal,high,500,tau_0p05,ce,10000,9991,-0.024809038084398723,0.002185015793910243,0.21989464357511213,0.05006382805585792,1.1026145412394455,0.00875581548316932,0.9275347813031729,0.002593733946998775
GARCH,t8,high,500,tau_0p01,xi,10000,9993,-0.10643772520347015,0.0196193376955466,1.9647208929142668,0.41184014719655965,1.1374330281084102,0.009271123859145046,0.9174422095466827,0.0027530902315315454
GARCH,t8,high,500,tau_0p01,ce,10000,9993,-0.09959118508354771,0.015714602176340423,1.574534429928802,0.30437757152344475,1.2207831257365083,0.023809616995851577,0.9140398278795157,0.0028040338651828135
GARCH,t8,high,500,tau_0p05,xi,10000,9992,-0.03503428955567066,0.004160101516347906,0.41746202373778346,0.08838179248571357,1.0919743766825143,0.00882645920586098,0.9174339471577262,0.002753353362687747
GARCH,t8,high,500,tau_0p05,ce,10000,9993,-0.035169474150603564,0.0035398301628481,0.355708219377259,0.060558641990374765,1.1370644756605388,0.016006398026551877,0.928049634744321,0.0025849619802683636
GARCH,t4,high,500,tau_0p01,xi,10000,9992,-0.21076916465087542,0.05771824946792058,5.775383576945961,1.706806074214116,1.1594724135765078,0.009865391030702945,0.9127301841473179,0.0028234299911462355
GARCH,t4,high,500,tau_0p01,ce,10000,9994,-0.12918207673868243,0.02823348619744429,2.8261614086637774,1.0419892844719476,1.2963889113137748,0.01447177031851744,0.8878326996197718,0.0031566688843829285
GARCH,t4,high,500,tau_0p05,xi,10000,9995,-0.0819503451830843,0.020983612536121857,2.0998560659582033,0.7590416262615606,1.1178939463488127,0.01036317355688161,0.9069534767383692,0.0029057027258859373
GARCH,t4,high,500,tau_0p05,ce,10000,9996,-0.04398076835886307,0.006435427557402293,0.6450117609186036,0.21932976065520943,1.147147786342406,0.012689786233831185,0.9266706682673069,0.0026072846521498004
GARCH,normal,low,1000,tau_0p01,xi,10000,10000,-0.00026700943453896695,0.000584070180889865,0.0584047080132169,0.0005438577973153574,1.0366042337095087,0.00785563198314874,0.941,0.0023562470159132305
GARCH,normal,low,1000,tau_0p01,ce,10000,10000,0.003263709398757828,0.0011344048573383024,0.11348175504541043,0.001173184434259829,1.0665797438882232,0.008908061946877387,0.9388,0.002396968084893915
GARCH,normal,low,1000,tau_0p05,xi,10000,10000,-0.0016080289584827071,0.00037718609912807636,0.03775098702726187,0.0003043469658790908,1.0172403832359664,0.007586243823511187,0.9452,0.002275894549402497
GARCH,normal,low,1000,tau_0p05,ce,10000,10000,0.00030724699002408453,0.0007479060978093404,0.07478750128588121,0.0008095001781954847,1.042596340517441,0.008230340268467706,0.9421,0.0023355425493876143
GARCH,t8,low,1000,tau_0p01,xi,10000,10000,-0.0002728406627834343,0.0009234313664819022,0.09233892246807408,0.0007793272428965604,1.0734595351994245,0.008189985016947812,0.9316,0.0025243105989556833
GARCH,t8,low,1000,tau_0p01,ce,10000,10000,0.0013120559297009138,0.0018369919415128844,0.1836946947606333,0.0022481816041414987,1.1238264465205603,0.010413723072376951,0.9241,0.0026483804485005545
GARCH,t8,low,1000,tau_0p05,xi,10000,10000,-0.003180714902496497,0.0004673377616868856,0.046839559964762134,0.0003923436685559703,1.0272688137525645,0.007788986721741577,0.9421,0.0023355425493876143
GARCH,t8,low,1000,tau_0p05,ce,10000,10000,-0.0023601322249852375,0.0010080331096925393,0.10082589744571227,0.001405893824702464,1.0591696859699586,0.008806812998110964,0.9383,0.002406098709529598
GARCH,t4,low,1000,tau_0p01,xi,10000,10000,-0.011626737311716,0.0016334089990311263,0.16374603072049165,0.0017841706485487948,1.0933612894969647,0.008652655276780604,0.9277,0.002589839956445186
GARCH,t4,low,1000,tau_0p01,ce,10000,10000,-0.004488375204123508,0.003594805362078522,0.35949058235045145,0.007395791078618651,1.205048336487839,0.012090558702720801,0.8994,0.0030079833776136466
GARCH,t4,low,1000,tau_0p05,xi,10000,10000,-0.011716680700681218,0.0006608453483846031,0.06711191872449267,0.0006392023586832777,1.0649074314990705,0.008391462183342023,0.9291,0.0025665772928162513
GARCH,t4,low,1000,tau_0p05,ce,10000,10000,-0.005794192145722766,0.0016185563705907,0.16195122779927965,0.003920414949301506,1.0949013847026972,0.012540105531798615,0.9317,0.0025226000475699673
GARCH,normal,high,1000,tau_0p01,xi,10000,10000,-0.01574451279564574,0.0006205779838462603,0.06402089429619919,0.0005328116406406174,1.043817460818253,0.007772047649871931,0.9333,0.0024950172344094133
GARCH,normal,high,1000,tau_0p01,ce,10000,10000,-0.017879303520015457,0.0011925552719048223,0.12058245341576088,0.0012179309821107984,1.0567921318402633,0.008717534480354566,0.9391,0.002391467959225044
GARCH,normal,high,1000,tau_0p05,xi,10000,10000,-0.009245686766783247,0.0003866424869725248,0.03975245097726338,0.00028489554961792747,1.0305412763253885,0.00750660061780388,0.9347,0.0024705446767868825
GARCH,normal,high,1000,tau_0p05,ce,10000,10000,-0.010492052690871008,0.0007717926112519634,0.07788533786062993,0.0007836904169881743,1.042749187893522,0.008185647049551872,0.9365,0.0024386010333795893
GARCH,t8,high,1000,tau_0p01,xi,10000,10000,-0.017209945314240645,0.000969319595833009,0.09844311771728365,0.0008798548427867284,1.0732829543610227,0.008068737923859806,0.9334,0.002493279767695555
GARCH,t8,high,1000,tau_0p01,ce,10000,10000,-0.020137366148464918,0.001945513543044059,0.19558107769958127,0.0029850928486537145,1.1069034502194228,0.009292625756794811,0.9287,0.0025732529996096384
GARCH,t8,high,1000,tau_0p05,xi,10000,10000,-0.011069009983203296,0.00047676676945152804,0.04894242740187971,0.00036852087291189023,1.0353779194146056,0.007558237573145365,0.9344,0.0024758158251372412
GARCH,t8,high,1000,tau_0p05,ce,10000,10000,-0.011892544812880615,0.0010591344031234374,0.10657376644952965,0.0017774944888193733,1.0582275141951507,0.008130890612520349,0.9375,0.0024206145913796356
GARCH,t4,high,1000,tau_0p01,xi,10000,10000,-0.030409971553788728,0.0017078015370092126,0.1734580948872745,0.002208832049237906,1.0895425647680643,0.008557954099357525,0.9299,0.002553154715249353
GARCH,t4,high,1000,tau_0p01,ce,10000,10000,-0.03380657103596627,0.004025236238703693,0.40392072179100563,0.015971517090007027,1.1868830277681224,0.011258764969424953,0.9056,0.002923844045088589
GARCH,t4,high,1000,tau_0p05,xi,10000,10000,-0.02036978640838602,0.0006711978744412193,0.0701394579269096,0.0006017287063567228,1.075884070531575,0.008077561324966342,0.9171,0.002757310102255457
GARCH,t4,high,1000,tau_0p05,ce,10000,10000,-0.016841079425407947,0.0017564267563600425,0.17643946958046844,0.006899291880654838,1.0938705762273468,0.010299139932071691,0.9324,0.0025105824025512483
GARCH,normal,low,2500,tau_0p01,xi,10000,10000,-2.1463216843764798e-05,0.0003631724635521182,0.036315436790110914,0.00025813346384666785,1.0106202824336172,0.007325928123579489,0.947,0.0022403347964087875
GARCH,normal,low,2500,tau_0p01,ce,10000,10000,-0.00018584152946459528,0.0007263841278881317,0.07263501852172162,0.0007810705152789429,1.0289726825485432,0.009516838012712373,0.9492,0.0021958907076628374
GARCH,normal,low,2500,tau_0p05,xi,10000,10000,-0.0005340770727582771,0.00023403320265916964,0.02340824355326086,0.00016739031431691384,0.9954913609755889,0.007157778348346447,0.9493,0.002193843886879829
GARCH,normal,low,2500,tau_0p05,ce,10000,10000,-0.0007792031558926435,0.00047729310809409064,0.047733284605066637,0.0005112130947781542,1.018192966139203,0.009556183836359363,0.9507,0.0021649367196294677
GARCH,t8,low,2500,tau_0p01,xi,10000,10000,0.000372327613574951,0.0005727754575429688,0.057275891994473895,0.0004029807796117158,1.027027152396356,0.007331466762023569,0.9444,0.002291476379978637
GARCH,t8,low,2500,tau_0p01,ce,10000,10000,0.002809885529187401,0.00113748040075259,0.11377705487481984,0.0013105432960278016,1.052149026218596,0.008076398697500393,0.9371,0.002427830101139698
GARCH,t8,low,2500,tau_0p05,xi,10000,10000,-0.0010779612448701503,0.0002918020282550204,0.029198648752282796,0.0002060911386056309,1.0110561124514073,0.007196102172690896,0.9434,0.0023107669722410348
GARCH,t8,low,2500,tau_0p05,ce,10000,10000,0.0002758500552096961,0.0006249556583488583,0.06249304979516207,0.0007569973152888249,1.0312130197841167,0.007674875132173847,0.9399,0.0023767202191255082
GARCH,t4,low,2500,tau_0p01,xi,10000,10000,-0.007642689951934976,0.0010350429870985979,0.10378091947528768,0.000980908896232455,1.0326556034445733,0.007739988009522743,0.9435,0.0023088471149038865
GARCH,t4,low,2500,tau_0p01,ce,10000,10000,-0.005826219392793591,0.0023939031924903316,0.2394492409887155,0.008363244208192845,1.0998368346963472,0.00970671657012773,0.9248,0.0026371378424344836
GARCH,t4,low,2500,tau_0p05,xi,10000,10000,-0.006402409298570978,0.00044042673615260594,0.044503415243067376,0.0006728730696554727,1.0453006460328758,0.0077103269623170125,0.9285,0.0025765820382824996
GARCH,t4,low,2500,tau_0p05,ce,10000,10000,-0.00443961878269227,0.0011034453569064519,0.11042829881902566,0.004344032425036741,1.0508841348051687,0.010786140159151605,0.942,0.00233743449106066
GARCH,normal,high,2500,tau_0p01,xi,10000,10000,-0.006942059169273812,0.00037238352656751887,0.037878073137469125,0.0002727689990745035,1.0121687054702375,0.007350902106466119,0.9436,0.0023069252263565026
GARCH,normal,high,2500,tau_0p01,ce,10000,10000,-0.009032574380260942,0.0007305442275490262,0.07360708110717727,0.0007430434896317724,1.0172233632470142,0.007445768746928561,0.9472,0.002236339866835986
GARCH,normal,high,2500,tau_0p05,xi,10000,10000,-0.003967724337956171,0.0002366341713166156,0.02399258533459845,0.00017029893759608943,1.00033015213001,0.007174960689111252,0.9441,0.002297285136851757
GARCH,normal,high,2500,tau_0p05,ce,10000,10000,-0.005222564417866885,0.00047529605105557925,0.04781331022061636,0.0004676699903839584,1.007322463918501,0.007174169087506831,0.949,0.0021999772726098796
GARCH,t8,high,2500,tau_0p01,xi,10000,10000,-0.007049209651671676,0.0005843012356374238,0.05885090728657848,0.0004223274944500475,1.026291198659362,0.007353999035081448,0.9437,0.002305001301518071
GARCH,t8,high,2500,tau_0p01,ce,10000,10000,-0.0078942317883183,0.0011414751274347174,0.11441446847135281,0.0012832482368500338,1.039555186082868,0.0075581101985370495,0.9433,0.0023126848034265277
GARCH,t8,high,2500,tau_0p05,xi,10000,10000,-0.004590400827569575,0.00029494718776565523,0.02984833699928469,0.00021108381853128405,1.0158791634250615,0.00723953783327102,0.9399,0.0023767202191255082
GARCH,t8,high,2500,tau_0p05,ce,10000,10000,-0.004761397103473692,0.0006232026101276452,0.06249877961674768,0.0007153793513983516,1.023188953569158,0.007296580015268596,0.9462,0.0022562260525044904
GARCH,t4,high,2500,tau_0p01,xi,10000,10000,-0.015899870408655103,0.0010493290241244408,0.10612548608280044,0.0010421369365489531,1.0300067791369845,0.0077166859984207055,0.9451,0.002277849643852727
GARCH,t4,high,2500,tau_0p01,ce,10000,10000,-0.013300692872246922,0.0025724764648336574,0.25757841993643493,0.013514484911424412,1.0722428773540094,0.009586682518217591,0.9355,0.0024564150707891367
GARCH,t4,high,2500,tau_0p05,xi,10000,10000,-0.010107339797548577,0.00043867644206815485,0.04501484298559794,0.0007170864369279808,1.04731045677856,0.0077019297431539565,0.922,0.002681715868618448
GARCH,t4,high,2500,tau_0p05,ce,10000,10000,-0.006471635955650782,0.0011945459638009984,0.11962380920291497,0.006912093455253214,1.020166211780363,0.010307249929250348,0.9487,0.002206089526741832
GARCH,normal,low,5000,tau_0p01,xi,10000,10000,4.248376992835636e-05,0.0002579645583103819,0.025795200960645123,0.000182811423208297,1.0099178429384843,0.007233418445607128,0.9451,0.002277849643852727
GARCH,normal,low,5000,tau_0p01,ce,10000,10000,2.2627249241085922e-05,0.0005031339610132987,0.05031088545691677,0.000519067690252898,1.005807834810728,0.008464858180540023,0.9513,0.00215240121724552
GARCH,normal,low,5000,tau_0p05,xi,10000,10000,-0.00018469828928313172,0.00016609438919722811,0.016609635376489882,0.00011751083846261479,0.9977269169533062,0.007078963073777182,0.9488,0.0022040544457884886
GARCH,normal,low,5000,tau_0p05,ce,10000,10000,-0.000245491658050894,0.0003294655191384649,0.03294581918298061,0.00033104161811626023,0.9989803235159764,0.007969885347685068,0.9519,0.002139775455509293
GARCH,t8,low,5000,tau_0p01,xi,10000,10000,0.00035529422053651193,0.0004008461994352653,0.04008419030396535,0.0002808267006418562,1.0019575064839938,0.007142183427759465,0.946,0.0022601769842204847
GARCH,t8,low,5000,tau_0p01,ce,10000,10000,0.0012708880381809937,0.0007983504973503361,0.0798411733323369,0.0008923020426437982,1.0222289382748144,0.007582747313897554,0.9415,0.002346864930071605
GARCH,t8,low,5000,tau_0p05,xi,10000,10000,-0.0003555565493990529,0.00020437409309611058,0.02043948020323581,0.00014280070294783894,0.9941127288179261,0.006977649231329478,0.951,0.0021586801523152993
GARCH,t8,low,5000,tau_0p05,ce,10000,10000,0.0001637025985586234,0.00043983926681159585,0.043982032084179196,0.0005502008146262726,1.0139134132355894,0.007510056598290945,0.9469,0.0022423289232402998
GARCH,t4,low,5000,tau_0p01,xi,10000,10000,-0.0040614578724781835,0.0007412488094613817,0.07423236467694899,0.0006580415129048466,1.0126040000396719,0.007352032945067546,0.9482,0.0022162301324546592
GARCH,t4,low,5000,tau_0p01,ce,10000,10000,-0.0015331370299429424,0.0017239301673536254,0.17239121437315086,0.00889760014275053,1.0559642426603852,0.008322133495166644,0.9333,0.0024950172344094133
GARCH,t4,low,5000,tau_0p05,xi,10000,10000,-0.00339427467442745,0.0003232127845445687,0.03249741028131172,0.0004193640594379614,1.0370884278624262,0.007233387246975316,0.9351,0.0024634932514622397
GARCH,t4,low,5000,tau_0p05,ce,10000,10000,-0.0015240789855483095,0.0008307645319828037,0.08308627878929624,0.005985495360089474,1.0179031307295217,0.007609632872839212,0.9449,0.0022817534923825584
GARCH,normal,high,5000,tau_0p01,xi,10000,10000,-0.0035203620905049767,0.00026127670483304605,0.026362470457374113,0.00018800115650943118,1.0107148002885205,0.007247497326662237,0.9447,0.002285648923172586
GARCH,normal,high,5000,tau_0p01,ce,10000,10000,-0.004692422257186114,0.0005119791002676995,0.051409947433836735,0.000544570559776465,1.0072059840489231,0.007421719542507957,0.9508,0.002162853670501082
GARCH,normal,high,5000,tau_0p05,xi,10000,10000,-0.001967938856310046,0.00016700969828322223,0.016815685662778773,0.00011893607308202794,1.0000512033477558,0.007095182480554974,0.9469,0.0022423289232402998
GARCH,normal,high,5000,tau_0p05,ce,10000,10000,-0.0026130698785680876,0.0003344306554084902,0.03354332904016127,0.00034990345553339864,1.0015445143541895,0.007280359205251792,0.9495,0.002189743135621162
GARCH,t8,high,5000,tau_0p01,xi,10000,10000,-0.0034316364359769686,0.00040491747389815447,0.04063488374720276,0.00028458710652413195,1.0017711312849156,0.007106715663107316,0.9471,0.002238338446258741
GARCH,t8,high,5000,tau_0p01,ce,10000,10000,-0.003825782064284026,0.0008155023741892685,0.08163585479043156,0.0009575872030274849,1.020758116847288,0.007408566769462139,0.9454,0.002271977992851163
GARCH,t8,high,5000,tau_0p05,xi,10000,10000,-0.002159383602136397,0.00020555002812533543,0.020667095280913934,0.0001437375023696646,0.9969356840514523,0.006997469330768578,0.9495,0.002189743135621162
GARCH,t8,high,5000,tau_0p05,ce,10000,10000,-0.0022162913369826605,0.00044725534754747943,0.0447781796084057,0.0005532351664893953,1.0161702416021692,0.00726844503196613,0.946,0.0022601769842204847
GARCH,t4,high,5000,tau_0p01,xi,10000,10000,-0.008324811512335826,0.0007488215695012653,0.07533975831177288,0.0008694221448012426,1.0130050546062959,0.007357816268198309,0.9478,0.0022243012385915724
GARCH,t4,high,5000,tau_0p01,ce,10000,10000,-0.007858578674613675,0.0021724025757579703,0.21737149637758987,0.031129531820661648,1.0498302310161585,0.008163200010108057,0.9366,0.002436810210090232
GARCH,t4,high,5000,tau_0p05,xi,10000,10000,-0.005346867332333462,0.00032392874792358203,0.0328295963689662,0.0006273424484697859,1.041004473838309,0.007278581360326358,0.9285,0.0025765820382824996
GARCH,t4,high,5000,tau_0p05,ce,10000,10000,-0.003852910497835835,0.0010442213729869529,0.10448797672008059,0.014133610577338715,1.0131177581436017,0.007541987834245346,0.946,0.0022601769842204847
GJR-GARCH,normal,low,500,tau_0p01,xi,10000,9998,-0.005296692101238556,0.0023877399389386814,0.23882079851894872,0.07828567922072513,1.0739430933239824,0.008195646452032796,0.9324864972994599,0.002509343006810666
GJR-GARCH,normal,low,500,tau_0p01,ce,10000,9998,-0.0017559349739816891,0.0028398677860980753,0.28397800774666715,0.0679307086979234,1.0863791466198922,0.008800560863727908,0.9331866373274655,0.002497234662638724
GJR-GARCH,normal,low,500,tau_0p05,xi,10000,9998,-0.004758614349403805,0.0006808220476401373,0.06824490821588738,0.009323002256942273,1.0339760467835903,0.0075045448479485995,0.9409881976395279,0.0023567035801341225
GJR-GARCH,normal,low,500,tau_0p05,ce,10000,9998,-0.003676327944795274,0.0012720964908903873,0.12725640250703268,0.005086690303862934,1.0453613542218565,0.00810996057450717,0.9398879775955191,0.002377180454672136
GJR-GARCH,normal,high,500,tau_0p01,xi,10000,9996,-0.03935767909463391,0.005354157391019275,0.5368336554095801,0.23755161982474401,1.0756546781969236,0.008360369816126327,0.9267707082833133,0.0026056461793460533
GJR-GARCH,normal,high,500,tau_0p01,ce,10000,9996,-0.04415439789066493,0.0044007044771771885,0.44225811875833904,0.1587859593098163,1.0906965084898512,0.009428656154272852,0.9349739895958383,0.002466210801167303
GJR-GARCH,normal,high,500,tau_0p05,xi,10000,9996,-0.018306498444152584,0.0011967041087688815,0.12105661082322208,0.04326659510575614,1.0532946877640585,0.007706439623950974,0.9273709483793517,0.002595785524485603
GJR-GARCH,normal,high,500,tau_0p05,ce,10000,9996,-0.023432384141292822,0.0015389420189608153,0.15566031498503172,0.01853730269844178,1.0636689537357298,0.00888344516466902,0.9384753901560624,0.0024033817258681525
GJR-GARCH,t8,low,500,tau_0p01,xi,10000,10000,-0.010569105147001158,0.005962102711766,0.5962741372651824,0.20664366596332936,1.1069895901148812,0.008972470904343739,0.9226,0.002672250736738602
GJR-GARCH,t8,low,500,tau_0p01,ce,10000,10000,-0.006402523527446937,0.005886053555469828,0.5886107468095122,0.17373953800501674,1.1494001722539657,0.01109742733101729,0.916,0.002773878151613729
GJR-GARCH,t8,low,500,tau_0p05,xi,10000,9999,-0.008786066937693274,0.0013686914956948836,0.13714403289862165,0.038152941662277784,1.045143898853388,0.008193280508925293,0.9367936793679368,0.0024334585138144128
GJR-GARCH,t8,low,500,tau_0p05,ce,10000,9999,-0.007527812367305344,0.0019272933321884016,0.19286666218511636,0.022277561217029274,1.069120546957738,0.009697641770538097,0.937993799379938,0.0024117887227029155
GJR-GARCH,t8,high,500,tau_0p01,xi,10000,9999,-0.049494352129590656,0.0069092252850783895,0.692658569497522,0.15047338532852625,1.1105377850547788,0.008894331654681134,0.9252925292529253,0.0026293188828941543
GJR-GARCH,t8,high,500,tau_0p01,ce,10000,9999,-0.0556251299093535,0.0053145055172845145,0.5343272405942024,0.07828181046427668,1.135887746878011,0.01149375957922456,0.9272927292729273,0.0025966837750700526
GJR-GARCH,t8,high,500,tau_0p05,xi,10000,9998,-0.022985456293307473,0.0014525191307063416,0.14705216638956917,0.025242450408279157,1.0637947353277621,0.008693942114029915,0.9218843768753751,0.0026838028642973263
GJR-GARCH,t8,high,500,tau_0p05,ce,10000,9998,-0.028404373307280836,0.0018825357388813982,0.19037508388396973,0.008003500765663847,1.0767526564847838,0.011081809247368265,0.9391878375675135,0.0023900934798968994
GJR-GARCH,t4,low,500,tau_0p01,xi,10000,10000,-0.037062365076441915,0.022512386089474225,2.251431119486702,1.1037275067898205,1.1358121702924167,0.009107836800446254,0.9104,0.0028560784302956387
GJR-GARCH,t4,low,500,tau_0p01,ce,10000,10000,-0.00999926170810914,0.005734737607590814,0.5735322591611073,0.035507128094860625,1.2668137291774761,0.014008826796856198,0.8851,0.0031890122295155907
GJR-GARCH,t4,low,500,tau_0p05,xi,10000,10000,-0.03168721884216873,0.010490839151681433,1.049509925249097,0.5197906327453174,1.0636269479862352,0.007868198531786793,0.9244,0.0026435703130425715
GJR-GARCH,t4,low,500,tau_0p05,ce,10000,10000,-0.015260409521869621,0.002561758621230384,0.2566172048519422,0.011442093567968088,1.1017043989436703,0.010928810594873705,0.9309,0.0025362411162978974
GJR-GARCH,t4,high,500,tau_0p01,xi,10000,9999,-0.08576324894248918,0.0304068387257905,3.0417411415158595,1.4888948479044475,1.1394979507924419,0.009160021159204482,0.9153915391539154,0.002783120819526836
GJR-GARCH,t4,high,500,tau_0p01,ce,10000,9999,-0.056209930964564635,0.006102527535582406,0.612805628827064,0.041960598932751544,1.2322966818225922,0.013147730239860168,0.8971897189718971,0.0030372611362580464
GJR-GARCH,t4,high,500,tau_0p05,xi,10000,9998,-0.051182067766744214,0.014192982100035209,1.4201498414741969,0.7050048894605953,1.0819158210973177,0.008036175864191137,0.9075815163032607,0.002896447589465618
GJR-GARCH,t4,high,500,tau_0p05,ce,10000,9998,-0.029311455780084452,0.002513613821261801,0.2530521440531357,0.00886698314840132,1.096784791067961,0.011026895045937313,0.9328865773154631,0.0025024335261342916
GJR-GARCH,normal,low,1000,tau_0p01,xi,10000,10000,0.0004654802839566078,0.0005729315963344801,0.057292185872633884,0.00040381212573616045,1.0290563479879284,0.007632575755351511,0.9421,0.0023355425493876143
GJR-GARCH,normal,low,1000,tau_0p01,ce,10000,10000,0.0036098656269091763,0.0012784968525197144,0.12789424769969368,0.0014420233218412253,1.0628099733234884,0.009002264671102267,0.9367,0.002435017659073544
GJR-GARCH,normal,low,1000,tau_0p05,xi,10000,10000,-0.0015380182340582107,0.0003723546927911875,0.037265359578397314,0.00026518850455244905,1.0096260606867045,0.00730740876452923,0.9448,0.002283702257300632
GJR-GARCH,normal,low,1000,tau_0p05,ce,10000,10000,-8.418268080086797e-05,0.0008477951399238072,0.08477531670780562,0.0009789704709583559,1.047500508019868,0.008421837445500183,0.9407,0.0023618532977304077
GJR-GARCH,normal,high,1000,tau_0p01,xi,10000,10000,-0.01566353581315135,0.0006290498984578532,0.06482274599161529,0.000542602424400519,1.0268182247697752,0.007563435617460015,0.9409,0.002358117681541785
GJR-GARCH,normal,high,1000,tau_0p01,ce,10000,10000,-0.019330008199243496,0.0013553140383965232,0.13689621531505927,0.00219441474604707,1.0361581583761963,0.007851988923038374,0.9419,0.002339324475142344
GJR-GARCH,normal,high,1000,tau_0p05,xi,10000,10000,-0.008639149256649069,0.00038390186685338944,0.039348366585799495,0.00027859574637322383,1.0184007675101194,0.0073731358363141935,0.9374,0.002422421102946389
GJR-GARCH,normal,high,1000,tau_0p05,ce,10000,10000,-0.011358613343584985,0.0008738188998395715,0.08811270756700047,0.0014869581994633244,1.0315816984946382,0.007520686921897087,0.9409,0.002358117681541785
GJR-GARCH,t8,low,1000,tau_0p01,xi,10000,10000,0.0013232442980647835,0.0009032512882707016,0.09033030504880085,0.0006424104794313974,1.0666863495348302,0.00795960542656113,0.9332,0.00249675309151706
GJR-GARCH,t8,low,1000,tau_0p01,ce,10000,10000,0.00378915452199349,0.0020778416088043177,0.20780831980222886,0.0033041867507379347,1.1215635004859807,0.011881731371903313,0.924,0.002649981132008301
GJR-GARCH,t8,low,1000,tau_0p05,xi,10000,10000,-0.0031881002275722593,0.00045837618148351905,0.04594606742531307,0.00032813607596645543,1.0173053034388524,0.007436223981708449,0.9443,0.0022934147030138265
GJR-GARCH,t8,low,1000,tau_0p05,ce,10000,10000,-0.0018954703467678378,0.0011738556956570683,0.11739500335579299,0.0020513913245734407,1.0656474643192684,0.009872222531331425,0.9384,0.0024042761904573273
GJR-GARCH,t8,high,1000,tau_0p01,xi,10000,10000,-0.016017697994542175,0.0009792814950012236,0.09922464472758885,0.0010906277454535314,1.0672466749971488,0.008007487919342976,0.9341,0.002481072147278268
GJR-GARCH,t8,high,1000,tau_0p01,ce,10000,10000,-0.02366323702283966,0.002307840673874669,0.23198256058963995,0.009451939953680375,1.0925105493374205,0.009887764518215618,0.9325,0.00250885930255166
GJR-GARCH,t8,high,1000,tau_0p05,xi,10000,10000,-0.010484671871163184,0.00047269682354438437,0.04841619328126159,0.00036328200395998174,1.0255868254842513,0.00748673481779662,0.9392,0.002389630933847316
GJR-GARCH,t8,high,1000,tau_0p05,ce,10000,10000,-0.014178045505411154,0.0012846750724983627,0.1292411196303187,0.0055748789569808966,1.0487030987153032,0.008646870308279634,0.942,0.00233743449106066
GJR-GARCH,t4,low,1000,tau_0p01,xi,10000,10000,-0.01037080878264911,0.0015731401277602655,0.1576476372187054,0.001290153426644401,1.087606367378439,0.00851179271237836,0.9312,0.0025311372937871224
GJR-GARCH,t4,low,1000,tau_0p01,ce,10000,10000,-0.0036191335400873087,0.004125613551917472,0.4125566012537579,0.01953954692255323,1.190863887937164,0.013059286947931419,0.9036,0.0029513901809147505
GJR-GARCH,t4,low,1000,tau_0p05,xi,10000,10000,-0.013522441441266674,0.0006389320849226817,0.06530536179947088,0.0005248237819566893,1.051377232571861,0.007812388318805068,0.9302,0.002548096544481782
GJR-GARCH,t4,low,1000,tau_0p05,ce,10000,10000,-0.007454070395264273,0.0018933949610185656,0.18947670834454586,0.005511330558869256,1.0942873708152263,0.013467905131352676,0.9359,0.0024493099028093618
GJR-GARCH,t4,high,1000,tau_0p01,xi,10000,10000,-0.029487797193658218,0.0017117281459309492,0.17368572948233482,0.003530546317159704,1.0859590177443632,0.008496212363816612,0.9307,0.0025396359975398053
GJR-GARCH,t4,high,1000,tau_0p01,ce,10000,10000,-0.037579969071052974,0.004714113438390847,0.47288337495628135,0.027498837699328864,1.164149728496743,0.011797622986677745,0.915,0.0027888169534768673
GJR-GARCH,t4,high,1000,tau_0p05,xi,10000,10000,-0.021753704210379216,0.0006552355044453921,0.06903716373203972,0.0005884346732217385,1.060794830719339,0.00790769269957247,0.9181,0.00274212308257671
GJR-GARCH,t4,high,1000,tau_0p05,ce,10000,10000,-0.01958092172799843,0.0020364407353225715,0.20457315095012069,0.008814664795300728,1.0738594430138342,0.010684580095010323,0.9383,0.002406098709529598
GJR-GARCH,normal,low,2500,tau_0p01,xi,10000,10000,3.301678445114209e-05,0.00036304863984968494,0.036303063710384297,0.00025742307472043536,1.0105528672191644,0.007335794292979481,0.9474,0.0022323359962156232
GJR-GARCH,normal,low,2500,tau_0p01,ce,10000,10000,-1.1299067806607476e-05,0.0008182298974623611,0.08181889927465716,0.001070199941674967,1.0171430121238603,0.00739978878033184,0.9478,0.0022243012385915724
GJR-GARCH,normal,low,2500,tau_0p05,xi,10000,10000,-0.0006322445156370438,0.0002338381187510568,0.023391188740038534,0.00016738216849867976,0.9950242036834535,0.00715806577099169,0.9494,0.0021917946984149764
GJR-GARCH,normal,low,2500,tau_0p05,ce,10000,10000,-0.0008549267376293775,0.0005367157257061266,0.053675697835790036,0.0006711746222122975,1.0081932990648186,0.007216953217700645,0.9491,0.002197935167378691
GJR-GARCH,normal,high,2500,tau_0p01,xi,10000,10000,-0.0066336735129303645,0.000375507746508818,0.038130372343969744,0.0002785802107412959,1.008484547097854,0.007336641701251974,0.946,0.0022601769842204847
GJR-GARCH,normal,high,2500,tau_0p01,ce,10000,10000,-0.00948469406546954,0.0008404251732835211,0.08457185007985832,0.001374648300603565,1.0184717421535683,0.00734875277172149,0.9498,0.0021835741343036656
GJR-GARCH,normal,high,2500,tau_0p05,xi,10000,10000,-0.0035979126076426653,0.00023686606024533795,0.02395713201873752,0.00017008058389162713,0.9986639101645165,0.007164957060609181,0.945,0.0022798026230356006
GJR-GARCH,normal,high,2500,tau_0p05,ce,10000,10000,-0.00554639685825141,0.0005483604107300346,0.055113094809938666,0.0009562045801204548,1.0129381652797305,0.007174579608806513,0.9466,0.0022482980229498045
GJR-GARCH,t8,low,2500,tau_0p01,xi,10000,10000,0.0005188893219120589,0.0005714738188295731,0.05714688022875216,0.0004017786797130031,1.0273476102325225,0.007357859714698379,0.9438,0.0023030753352854096
GJR-GARCH,t8,low,2500,tau_0p01,ce,10000,10000,0.002651087418717668,0.0012759523728081263,0.12761639701382765,0.00200179875334533,1.0432191281748486,0.00780195414152314,0.9388,0.002396968084893915
GJR-GARCH,t8,low,2500,tau_0p05,xi,10000,10000,-0.001292933238719343,0.0002914456240936971,0.029171771523882947,0.00020588501885378065,1.0105001647562717,0.007189681883180465,0.9435,0.0023088471149038865
GJR-GARCH,t8,low,2500,tau_0p05,ce,10000,10000,-0.00018639784892200543,0.0007215708584265432,0.0721537186634101,0.0012312634636840799,1.0283565483021926,0.007244327829156652,0.9427,0.0023241495218681613
GJR-GARCH,t8,high,2500,tau_0p01,xi,10000,10000,-0.00652997960393824,0.000588132739500237,0.05917174939300944,0.0004403106861543049,1.0268593122899947,0.007368029091447411,0.9443,0.0022934147030138265
GJR-GARCH,t8,high,2500,tau_0p01,ce,10000,10000,-0.008874005094412067,0.001301321671165298,0.13042789366837237,0.005020099044765605,1.0317152816007509,0.00746480271349315,0.9453,0.0022739373342288917
GJR-GARCH,t8,high,2500,tau_0p05,xi,10000,10000,-0.0042980214694898315,0.00029522810607045713,0.029832569032134534,0.0002116283808613667,1.014566251989612,0.007218780401915649,0.9396,0.0023822644689454613
GJR-GARCH,t8,high,2500,tau_0p05,ce,10000,10000,-0.005331719261027926,0.0007293062196708157,0.07312161761901692,0.0032712939339981134,1.017860777170328,0.007010901582056719,0.9472,0.002236339866835986
GJR-GARCH,t4,low,2500,tau_0p01,xi,10000,10000,-0.007886773146046713,0.0010201665338620135,0.10231597147572191,0.0009062086427114413,1.0314855606576834,0.007740111231321004,0.9441,0.002297285136851757
GJR-GARCH,t4,low,2500,tau_0p01,ce,10000,10000,-0.006610838612638844,0.002674741761904245,0.2675424898449137,0.010522600428049715,1.0815585836172956,0.008918594610858635,0.9287,0.0025732529996096384
GJR-GARCH,t4,low,2500,tau_0p05,xi,10000,10000,-0.007632615467059006,0.0004311438550873066,0.04378265834368276,0.0005952484497658236,1.0426211408324166,0.007680622870412225,0.9269,0.002603005762575259
GJR-GARCH,t4,low,2500,tau_0p05,ce,10000,10000,-0.005937561748154945,0.001282140996877772,0.1283451055269524,0.004603909231785671,1.0377758402216648,0.009944306782943769,0.9454,0.002271977992851163
GJR-GARCH,t4,high,2500,tau_0p01,xi,10000,10000,-0.016051419080807545,0.0010440833449372206,0.1056298170794094,0.0010569779042693941,1.0312474263030709,0.007794774725483371,0.9441,0.002297285136851757
GJR-GARCH,t4,high,2500,tau_0p01,ce,10000,10000,-0.013578097818499293,0.002652380395788683,0.2655721131034771,0.01311384433968919,1.0600248965352408,0.00836619116801241,0.9342,0.002479321681428208
GJR-GARCH,t4,high,2500,tau_0p05,xi,10000,10000,-0.011123503562206356,0.0004300290520913622,0.0444161824444507,0.0007076603110889987,1.0418270487035743,0.007703453235813342,0.9219,0.0026832888402108326
GJR-GARCH,t4,high,2500,tau_0p05,ce,10000,10000,-0.0072547713676601065,0.0012563197535315155,0.12583499751424002,0.0059229879643300795,1.0121738874790907,0.007587989120097909,0.9487,0.002206089526741832
GJR-GARCH,normal,low,5000,tau_0p01,xi,10000,10000,3.7373734328525534e-05,0.00025800683813193275,0.02579942081706231,0.0001824786116067195,1.0097391743663608,0.007215311664339425,0.9465,0.0022502833154960733
GJR-GARCH,normal,low,5000,tau_0p01,ce,10000,10000,-0.00010109667187457499,0.0005655064939484008,0.05654791216234683,0.000643715594038256,1.0034477503999104,0.007323249295519818,0.952,0.0021376622745419827
GJR-GARCH,normal,low,5000,tau_0p05,xi,10000,10000,-0.00025396097448789534,0.00016608905259761524,0.01661001639165068,0.00011743423270646202,0.9978156767458676,0.00707688698461632,0.9489,0.0022020170299068996
GJR-GARCH,normal,low,5000,tau_0p05,ce,10000,10000,-0.0004186646029540143,0.00037280841395062744,0.03728132815579507,0.00042170085213078456,1.0003844139390567,0.0071680933680141265,0.948,0.002220270253820468
GJR-GARCH,normal,high,5000,tau_0p01,xi,10000,10000,-0.0033341674405018298,0.00026281008555032733,0.02649035700117949,0.0001901831627870052,1.0096699812178527,0.007221758326977801,0.9456,0.0022680529094357567
GJR-GARCH,normal,high,5000,tau_0p01,ce,10000,10000,-0.004720878639428955,0.000569262160931921,0.05711879475627221,0.0007654817295941191,1.0022577018627499,0.007168748873682202,0.9527,0.0021227979178433352
GJR-GARCH,normal,high,5000,tau_0p05,xi,10000,10000,-0.0017670419371875433,0.00016718403082108501,0.01681069565257407,0.00011883390896077224,0.9995719687079937,0.007094131539770078,0.9475,0.002230330692969094
GJR-GARCH,normal,high,5000,tau_0p05,ce,10000,10000,-0.0025903882138603096,0.00037276337813316163,0.037364375002599655,0.0005013171660400606,1.000384786947419,0.007135437970203126,0.9505,0.0021690954335851615
GJR-GARCH,t8,low,5000,tau_0p01,xi,10000,10000,0.00039543234998278074,0.00040050028068751075,0.04004997771006035,0.00028071657413746053,1.002280826065741,0.0071404810684592345,0.9461,0.0022582026038422674
GJR-GARCH,t8,low,5000,tau_0p01,ce,10000,10000,0.0011852949963755504,0.0008815917928681873,0.08816273936683586,0.0012576430251448015,1.0100746260483575,0.007455880716947651,0.9472,0.002236339866835986
GJR-GARCH,t8,low,5000,tau_0p05,xi,10000,10000,-0.0004907440543367829,0.00020430225273623495,0.02043509713819335,0.0001429949645614725,0.9942282172549473,0.006984045090559774,0.9504,0.0021711711125565387
GJR-GARCH,t8,low,5000,tau_0p05,ce,10000,10000,-6.369787024479674e-05,0.0004974060107594562,0.04973815477151819,0.0007706200974894309,1.0003681415570822,0.007317461211294068,0.9488,0.0022040544457884886
GJR-GARCH,t8,high,5000,tau_0p01,xi,10000,10000,-0.0031456337438014142,0.00040648114113427456,0.040767621536094846,0.00029133794155462064,1.0021489653473177,0.007106586338554454,0.9471,0.002238338446258741
GJR-GARCH,t8,high,5000,tau_0p01,ce,10000,10000,-0.004186039162923999,0.0008833255829528089,0.08842727811471542,0.00145414073625181,1.006961476479687,0.007401139911524942,0.9494,0.0021917946984149764
GJR-GARCH,t8,high,5000,tau_0p05,xi,10000,10000,-0.0020058315308765775,0.00020573066211362713,0.020669593328414546,0.0001441385959424979,0.9968018027868715,0.006996028728308419,0.9492,0.0021958907076628374
GJR-GARCH,t8,high,5000,tau_0p05,ce,10000,10000,-0.0024744327752276654,0.0004938959180465569,0.04944907140697154,0.0008282794181446238,1.0019977831736788,0.007253560749473802,0.9486,0.002208122279222779
GJR-GARCH,t4,low,5000,tau_0p01,xi,10000,10000,-0.004598444443463395,0.0007325094056210831,0.07339148053080698,0.0006017652199882341,1.0104063536479808,0.007337469071920125,0.9488,0.0022040544457884886
GJR-GARCH,t4,low,5000,tau_0p01,ce,10000,10000,-0.003875812648637227,0.0020250578917241787,0.20253275219718478,0.012684760562290705,1.0512186881314571,0.008129235781802538,0.9338,0.002486313737242346
GJR-GARCH,t4,low,5000,tau_0p05,xi,10000,10000,-0.0042129508912303205,0.00031659716165301173,0.03193722513175783,0.0003551871674357508,1.0352637964774198,0.00724271484983564,0.9358,0.0024510887376837263
GJR-GARCH,t4,low,5000,tau_0p05,ce,10000,10000,-0.0033237434719969898,0.001023107731566423,0.10235963474508478,0.008143366506590966,1.0191385396721302,0.0075215650869600425,0.944,0.002299217258111987
GJR-GARCH,t4,high,5000,tau_0p01,xi,10000,10000,-0.008668008061404867,0.0007389933141655119,0.07440228112395122,0.0006861115218046955,1.0122857481687617,0.0074093883641512025,0.9474,0.0022323359962156232
GJR-GARCH,t4,high,5000,tau_0p01,ce,10000,10000,-0.010828874949227758,0.002639626889983944,0.2641715315582109,0.042599694103023215,1.03847842388284,0.007768492928874413,0.9394,0.0023859513825725785
GJR-GARCH,t4,high,5000,tau_0p05,xi,10000,10000,-0.0059897186040729624,0.0003143895534795922,0.032002903017314135,0.00045253338805698864,1.0354901344204546,0.007252682542313616,0.9295,0.0025598779267769784
GJR-GARCH,t4,high,5000,tau_0p05,ce,10000,10000,-0.005672444428863646,0.001308243593595963,0.13094074280508397,0.020054065557493287,1.0075299159386033,0.007217207548169879,0.9475,0.002230330692969094
