level,benchmark,model,distribution,persistence,n,valid,lower_whisker,q1,median,q3,upper_whisker
0.01,VaR,GARCH,normal,high,500,9986,0.3838829415850108,0.6036893787983657,0.6798055577979025,0.7507021773550406,0.9708121179443628
0.01,VaR,GARCH,normal,high,1000,10000,0.4541818701617516,0.6227135256639692,0.6799130058430123,0.7352176047364135,0.9039354270126122
0.01,VaR,GARCH,normal,high,2500,10000,0.5116299442775805,0.6313635347374159,0.672142130252662,0.7115677333545452,0.8311971106713602
0.01,VaR,GARCH,normal,high,5000,10000,0.5287848975354332,0.6287669201501935,0.6634165130537608,0.6956079217300046,0.794603129817741
0.01,VaR,GARCH,normal,low,500,9967,0.4000714705699993,0.6096731405971006,0.6847426063747104,0.7503701525226704,0.9613708889182324
0.01,VaR,GARCH,normal,low,1000,9995,0.4594877994641144,0.6251019540440418,0.6828637077563736,0.7356970794805953,0.901222337450918
0.01,VaR,GARCH,normal,low,2500,10000,0.5081426517341989,0.6303836422641746,0.6726712881809589,0.7120844610869883,0.834592930605307
0.01,VaR,GARCH,normal,low,5000,10000,0.5293958672942982,0.6285051035952524,0.662438126775605,0.6946281036392102,0.7930864704253378
0.01,VaR,GARCH,t4,high,500,9985,0.1926894719892812,0.5847356460361353,0.6961743013546237,0.8489910636640878,1.2452065824060246
0.01,VaR,GARCH,t4,high,1000,10000,0.2702007191428051,0.635717352426309,0.7379586780165176,0.8795954535058293,1.2449319727531238
0.01,VaR,GARCH,t4,high,2500,10000,0.3832547778765262,0.6891679527797377,0.7776283867834468,0.8941195891393654,1.2015362078431633
0.01,VaR,GARCH,t4,high,5000,10000,0.4749079392973872,0.7195682094686633,0.7902846178678149,0.8833877515470585,1.128953369862193
0.01,VaR,GARCH,t4,low,500,9957,0.1757922893660258,0.5876970290007357,0.7020815640304156,0.8636649342713171,1.2769129043207703
0.01,VaR,GARCH,t4,low,1000,9990,0.2573547953547835,0.635675225042066,0.742460580494089,0.8919825686468281,1.2753697042695684
0.01,VaR,GARCH,t4,low,2500,10000,0.3727258388993091,0.6880363499395955,0.7796378285607092,0.9041927282004993,1.2276012394989806
0.01,VaR,GARCH,t4,low,5000,10000,0.4677789256918408,0.7185943350235222,0.7932487732867173,0.890316374458981,1.1477817972827171
0.01,VaR,GARCH,t8,high,500,9987,0.3029237134093626,0.5774198192788811,0.6663175389505264,0.7615909402007179,1.0377289228834403
0.01,VaR,GARCH,t8,high,1000,10000,0.3731266145827371,0.6078296610673072,0.6829388629920827,0.7651122334491498,1.0006229988774362
0.01,VaR,GARCH,t8,high,2500,10000,0.454624198370722,0.6294574853617633,0.6882812823297337,0.746615571906882,0.9222811890865747
0.01,VaR,GARCH,t8,high,5000,10000,0.5046835537008268,0.6399127326431998,0.685134069295773,0.7306344234371078,0.8665598144489348
0.01,VaR,GARCH,t8,low,500,9961,0.296014693374562,0.577892139824463,0.673116691763042,0.7668470282333311,1.0498400969193589
0.01,VaR,GARCH,t8,low,1000,9997,0.3733272164294009,0.6075321715437069,0.6844381768236838,0.7641099396829769,0.9988080165969888
0.01,VaR,GARCH,t8,low,2500,10000,0.4522791758026282,0.6291671830969253,0.6885631851907463,0.7472767282273769,0.9233357841766135
0.01,VaR,GARCH,t8,low,5000,10000,0.5013315830754226,0.6390549142680524,0.6849572058021508,0.7311328507163131,0.869052557057087
0.01,VaR,GJR-GARCH,normal,high,500,9996,0.4211041821717365,0.6161560415640022,0.68422121925317,0.7465202781931959,0.9417677773982334
0.01,VaR,GJR-GARCH,normal,high,1000,10000,0.4823877141746427,0.6351352151905749,0.6887416260779924,0.7370316164288647,0.8897471656650856
0.01,VaR,GJR-GARCH,normal,high,2500,10000,0.5346846392050638,0.6435656813828317,0.6810302453936454,0.7165762170020324,0.8256457547699246
0.01,VaR,GJR-GARCH,normal,high,5000,10000,0.5504327977294999,0.6418036778063199,0.6736318745738084,0.7027703378198036,0.7927129527860945
0.01,VaR,GJR-GARCH,normal,low,500,9998,0.4367361344684361,0.6233076971536371,0.6887148544495798,0.74769320106945,0.9336640128399804
0.01,VaR,GJR-GARCH,normal,low,1000,10000,0.487393411091447,0.6361288825607234,0.6901760862037314,0.7353442631051171,0.8838293476483289
0.01,VaR,GJR-GARCH,normal,low,2500,10000,0.5339034968295084,0.6431207951796507,0.6811572322813941,0.7162149071001874,0.8244257961942979
0.01,VaR,GJR-GARCH,normal,low,5000,10000,0.5488689678142724,0.6405512678850863,0.6723199268299636,0.7019735874189368,0.793947442838462
0.01,VaR,GJR-GARCH,t4,high,500,9998,0.2526995057378999,0.5912751968179956,0.6873798002173783,0.8174558299505413,1.1565285742030302
0.01,VaR,GJR-GARCH,t4,high,1000,10000,0.3188050793078336,0.6378118368360258,0.729827358432023,0.852457034365664,1.1739486607572822
0.01,VaR,GJR-GARCH,t4,high,2500,10000,0.4246993703878371,0.6897983888744513,0.7682217547924943,0.8683636461194902,1.1350764943345246
0.01,VaR,GJR-GARCH,t4,high,5000,10000,0.5115694929895742,0.7199830487268489,0.7822794004407835,0.8599598370515922,1.0694521511239137
0.01,VaR,GJR-GARCH,t4,low,500,9998,0.2472818654201053,0.5979036048571333,0.6992954260923141,0.8329869576351473,1.1848230880357151
0.01,VaR,GJR-GARCH,t4,low,1000,10000,0.3100985604280057,0.6394906189887072,0.7339171592629528,0.8653759496995045,1.2040923716757237
0.01,VaR,GJR-GARCH,t4,low,2500,10000,0.4086532002841446,0.6899778179931956,0.7719975273821509,0.8785602849397811,1.1607890817309146
0.01,VaR,GJR-GARCH,t4,low,5000,10000,0.5033369488185435,0.7211219997240447,0.7840822314241869,0.8690326211400436,1.0899104729467368
0.01,VaR,GJR-GARCH,t8,high,500,9999,0.3416433209461999,0.5904602455164646,0.6700968156292558,0.756407832027099,1.0050407181322023
0.01,VaR,GJR-GARCH,t8,high,1000,10000,0.4025782473509119,0.6162588463039411,0.6853975608852897,0.7588098673353331,0.9723594808237602
0.01,VaR,GJR-GARCH,t8,high,2500,10000,0.4818242799977832,0.6394502620056646,0.6923771210270706,0.7446121396932919,0.9019762588502362
0.01,VaR,GJR-GARCH,t8,high,5000,10000,0.5255388030939252,0.6490908062869978,0.6906422491524111,0.731638505664975,0.8550940824083146
0.01,VaR,GJR-GARCH,t8,low,500,9999,0.3438110226490506,0.5928597074884911,0.6758909651047186,0.7600785230349705,1.0108041566884225
0.01,VaR,GJR-GARCH,t8,low,1000,10000,0.4152726551859873,0.6196464014218361,0.6882441843345253,0.7569823748007714,0.9627107400294612
0.01,VaR,GJR-GARCH,t8,low,2500,10000,0.479383992348134,0.6383760681030746,0.6932921252134858,0.7444795627337613,0.903159797205179
0.01,VaR,GJR-GARCH,t8,low,5000,10000,0.5232096961552973,0.6484518393459092,0.6900592991471526,0.7321124256341057,0.8575147790420774
0.01,ES,GARCH,normal,high,500,9986,0.0460497256397894,0.39588694100576144,0.5000861418407274,0.6294119894725015,0.9796106547599446
0.01,ES,GARCH,normal,high,1000,10000,0.2112086861424707,0.43000440932485606,0.5068019919024165,0.5902858110280695,0.8306240770924449
0.01,ES,GARCH,normal,high,2500,10000,0.3120051807138778,0.46207104719986325,0.5111966071364502,0.5629617633755111,0.7137127944849087
0.01,ES,GARCH,normal,high,5000,10000,0.3620813566023148,0.47609418732456604,0.5142597884762723,0.5521162035267573,0.6658780489833784
0.01,ES,GARCH,normal,low,500,9966,0.0891401569803987,0.41688595937373607,0.5217865879511026,0.6533574161042661,1.0073541037463225
0.01,ES,GARCH,normal,low,1000,9995,0.234885902163039,0.4471601921711408,0.5223489637726825,0.6062108402671347,0.8445008796307871
0.01,ES,GARCH,normal,low,2500,10000,0.3251119153748635,0.4716449085374979,0.5192463841302848,0.5702017345091671,0.7175855885611491
0.01,ES,GARCH,normal,low,5000,10000,0.3675500937191555,0.48052503920684964,0.517996297251373,0.5561785423688994,0.6686396223218252
0.01,ES,GARCH,t4,high,500,9986,0.1403643326884743,0.3573011122530748,0.4220700272000445,0.5173077462151427,0.7565506177473251
0.01,ES,GARCH,t4,high,1000,10000,0.2562533802069939,0.3848276515607131,0.42828537401000044,0.482037654855741,0.6274865153234883
0.01,ES,GARCH,t4,high,2500,10000,0.3044151303544593,0.39717114780215745,0.426562130954103,0.4605775410890419,0.5554522722709707
0.01,ES,GARCH,t4,high,5000,10000,0.325067103652481,0.39964115293076025,0.4235016314800296,0.45073154605094556,0.5268189806602469
0.01,ES,GARCH,t4,low,500,9954,0.1222574021407388,0.3561730338031016,0.4247968408769097,0.5218146555634562,0.7702039227453122
0.01,ES,GARCH,t4,low,1000,9990,0.2540514829926717,0.3804888862937821,0.42623534071227875,0.48579674683200874,0.6435934164331996
0.01,ES,GARCH,t4,low,2500,10000,0.2972496961242484,0.3919411603766529,0.4228527409511837,0.4597880389046001,0.5612732425776495
0.01,ES,GARCH,t4,low,5000,10000,0.3200897590874361,0.3953130072843508,0.41903248685008254,0.4479477902648625,0.5267334182220232
0.01,ES,GARCH,t8,high,500,9987,0.0535406900576269,0.3604495245756535,0.4472902744331685,0.5666040253504302,0.8754754618096051
0.01,ES,GARCH,t8,high,1000,10000,0.2286269628072679,0.38438318268160515,0.44464438910641735,0.5181813068588095,0.7188278002210443
0.01,ES,GARCH,t8,high,2500,10000,0.2727521581593994,0.40112869318933275,0.4431107638399156,0.48921057744782254,0.6211606832050259
0.01,ES,GARCH,t8,high,5000,10000,0.3092652848969449,0.4078564383675251,0.4411076585710617,0.4737457237397472,0.5716372632269288
0.01,ES,GARCH,t8,low,500,9961,0.0511905198027918,0.3638999123219203,0.4522910840695922,0.5761845488930661,0.8946072978639176
0.01,ES,GARCH,t8,low,1000,9997,0.2285624617289979,0.3849173736421552,0.4493054740082024,0.5252536080124344,0.7355310188940636
0.01,ES,GARCH,t8,low,2500,10000,0.2685716009892037,0.40059042731939776,0.44301389877235153,0.4906820825349396,0.6254388499871077
0.01,ES,GARCH,t8,low,5000,10000,0.3061501332406113,0.406298901025575,0.4396646306504479,0.47479646225999983,0.5771774549530015
0.01,ES,GJR-GARCH,normal,high,500,9996,0.1069946082505362,0.4033474920301263,0.507369326883807,0.6213340506707381,0.9476592710933068
0.01,ES,GJR-GARCH,normal,high,1000,10000,0.2150360358467747,0.4396846588120331,0.515828016676751,0.5928429311268638,0.8222954713513043
0.01,ES,GJR-GARCH,normal,high,2500,10000,0.3270264202106662,0.47414635027257984,0.5247556545064096,0.572791401979038,0.7190911341401209
0.01,ES,GJR-GARCH,normal,high,5000,10000,0.376793895633196,0.4882742723236684,0.527012527840288,0.562951047695347,0.6734228341133305
0.01,ES,GJR-GARCH,normal,low,500,9998,0.1980190239153212,0.43703299238442506,0.5390952914958023,0.6513891917066008,0.9727308017881168
0.01,ES,GJR-GARCH,normal,low,1000,10000,0.251641142473853,0.4665995330931513,0.5378829271771495,0.6131524027658681,0.8318723596045932
0.01,ES,GJR-GARCH,normal,low,2500,10000,0.345876495908169,0.48754913401506317,0.5347259707320602,0.5820244038362908,0.7232294103580785
0.01,ES,GJR-GARCH,normal,low,5000,10000,0.3849649767429801,0.4952881146727902,0.532738607423423,0.5689148661785557,0.6770705634258364
0.01,ES,GJR-GARCH,t4,high,500,9998,0.1344386743861091,0.36690189344232477,0.43232840070699946,0.5228330435334204,0.7566469644137804
0.01,ES,GJR-GARCH,t4,high,1000,10000,0.2509524707217711,0.3940783590731187,0.4374628301099758,0.49057962127323246,0.6351503818127121
0.01,ES,GJR-GARCH,t4,high,2500,10000,0.3144226532582921,0.40617734328779936,0.43706036546939164,0.469716298573548,0.5649905550153057
0.01,ES,GJR-GARCH,t4,high,5000,10000,0.3326657548807851,0.4099903347313598,0.43484427947375476,0.4615987899577855,0.5389785681690368
0.01,ES,GJR-GARCH,t4,low,500,9998,0.1261154055063266,0.36705054700583645,0.4362342964079109,0.5290025216306116,0.7710198158650211
0.01,ES,GJR-GARCH,t4,low,1000,10000,0.2642431479609674,0.3915475820031668,0.43734667630135377,0.4933006064348352,0.6458019893123697
0.01,ES,GJR-GARCH,t4,low,2500,10000,0.3032972590403779,0.4017136271347497,0.434098555158847,0.470868093398571,0.5744492370324554
0.01,ES,GJR-GARCH,t4,low,5000,10000,0.32276467826814,0.4052489262404969,0.430576383481477,0.46083193794316185,0.5441619444999714
0.01,ES,GJR-GARCH,t8,high,500,9999,0.0837662725062066,0.37152797618434474,0.4579959471689353,0.5658256168235891,0.857259627307913
0.01,ES,GJR-GARCH,t8,high,1000,10000,0.216166990756057,0.3973053757718888,0.4559455560472483,0.526297508738827,0.7196136517302455
0.01,ES,GJR-GARCH,t8,high,2500,10000,0.2860965228308031,0.41309623816497965,0.4559299435436988,0.49961133374895195,0.6290216928227971
0.01,ES,GJR-GARCH,t8,high,5000,10000,0.3220184638550086,0.42077169349765564,0.4533573431565924,0.48700138055957964,0.5858069073718857
0.01,ES,GJR-GARCH,t8,low,500,9999,0.1005374237515793,0.37997131005970447,0.4689461100792112,0.5821238023438822,0.8851940786882678
0.01,ES,GJR-GARCH,t8,low,1000,10000,0.2362428433067558,0.4010048884286551,0.46243947778401584,0.5359737502103167,0.7383863054976799
0.01,ES,GJR-GARCH,t8,low,2500,10000,0.2830577184884355,0.4135869776951942,0.45666260973278294,0.5031243291937268,0.6372076889587271
0.01,ES,GJR-GARCH,t8,low,5000,10000,0.3154656764594737,0.4186576993503656,0.4520562634344225,0.48759451869441056,0.5908757690145418
0.05,VaR,GARCH,normal,high,500,9985,0.5675692865525284,0.6677093670426013,0.6997073575898932,0.7347444683908738,0.8349389514760416
0.05,VaR,GARCH,normal,high,1000,10000,0.5981565319940321,0.6752844858371716,0.6994590774180967,0.7267962209198673,0.8040175261838449
0.05,VaR,GARCH,normal,high,2500,10000,0.6294424523025955,0.6803194245752323,0.696812119256636,0.7143408537805969,0.7650756561155825
0.05,VaR,GARCH,normal,high,5000,10000,0.6423188591056364,0.6813664419037335,0.6943776780634616,0.7074398571455334,0.7465416761812008
0.05,VaR,GARCH,normal,low,500,9966,0.5759151559330274,0.6723878138320654,0.7029424610017709,0.7373404521847476,0.8345886023946864
0.05,VaR,GARCH,normal,low,1000,9995,0.6037456260262417,0.6778543657298077,0.7018357587030437,0.7272694496901277,0.8011797076825694
0.05,VaR,GARCH,normal,low,2500,10000,0.6314673865423301,0.6815057299931163,0.6980225301357246,0.7149632048359977,0.7651297181002719
0.05,VaR,GARCH,normal,low,5000,10000,0.6431650344179253,0.6820337092288614,0.6949267752413362,0.7080485386446582,0.7470608138316928
0.05,VaR,GARCH,t4,high,500,9988,0.4642806192064014,0.7334267664085969,0.8102264181849905,0.9133314617440218,1.1815650889537894
0.05,VaR,GARCH,t4,high,1000,10000,0.5592601903501028,0.7642724825817134,0.827259332821323,0.9095964217274376,1.1275213082468851
0.05,VaR,GARCH,t4,high,2500,10000,0.628854139727591,0.788232436181734,0.8363412375696063,0.8973596490010053,1.060897044569286
0.05,VaR,GARCH,t4,high,5000,10000,0.6709037267192974,0.797700256243876,0.836755890533377,0.8864051117019485,1.0193257225666963
0.05,VaR,GARCH,t4,low,500,9953,0.4620248583728662,0.7477739142405172,0.8273005059979264,0.9428140971712248,1.2351690769039785
0.05,VaR,GARCH,t4,low,1000,9990,0.5442455716744318,0.774646939655848,0.8421249516895668,0.9345669153330505,1.1741797453968736
0.05,VaR,GARCH,t4,low,2500,10000,0.6257769275785395,0.7963539438885263,0.8492772018155943,0.915632106762043,1.0944657032589065
0.05,VaR,GARCH,t4,low,5000,10000,0.6894758944336864,0.8049558676538245,0.848453429339743,0.9029715328472314,1.0499896336855228
0.05,VaR,GARCH,t8,high,500,9987,0.5343127997783002,0.6900268072421776,0.7365784846516269,0.7958593363586177,0.9542159271733232
0.05,VaR,GARCH,t8,high,1000,10000,0.5912560913888492,0.7070123023546473,0.7425292226614172,0.7862698695013353,0.9049135661534496
0.05,VaR,GARCH,t8,high,2500,10000,0.6371943552908553,0.7180686428805125,0.743714495359259,0.7727359057957206,0.8546325254842994
0.05,VaR,GARCH,t8,high,5000,10000,0.6593759945942383,0.7218213507707486,0.7405358252483327,0.7638278414465203,0.8268252296989143
0.05,VaR,GARCH,t8,low,500,9960,0.5461251577182709,0.6962963374893951,0.7442908661654132,0.8026888044863213,0.9622329053406558
0.05,VaR,GARCH,t8,low,1000,9997,0.5924224035745338,0.7108740652882706,0.7463818443035953,0.7906461142976087,0.9101454158733244
0.05,VaR,GARCH,t8,low,2500,10000,0.6378985472503089,0.7202597471663701,0.74516468937266,0.7755089552620086,0.8583752897118623
0.05,VaR,GARCH,t8,low,5000,10000,0.6589735171735323,0.7227955782921314,0.7421432735616729,0.7659514808333201,0.8306236166974363
0.05,VaR,GJR-GARCH,normal,high,500,9996,0.5671938087842266,0.6603551890433323,0.6906464137949505,0.7226226001601124,0.8160170794678058
0.05,VaR,GJR-GARCH,normal,high,1000,10000,0.6022350813764221,0.6716514712699684,0.6938713975736441,0.7179850286704036,0.7872891704625951
0.05,VaR,GJR-GARCH,normal,high,2500,10000,0.6341591046880088,0.6793684533587132,0.694378674189649,0.7095664372487074,0.7548446136595791
0.05,VaR,GJR-GARCH,normal,high,5000,10000,0.6469667652569737,0.6813447605055822,0.693256170732578,0.7047663474417876,0.7398740795780642
0.05,VaR,GJR-GARCH,normal,low,500,9998,0.5848572073218584,0.6706942343539486,0.697968062322051,0.7279516735545662,0.8135402006877653
0.05,VaR,GJR-GARCH,normal,low,1000,10000,0.6122764866075975,0.6777695356161816,0.6982708601857253,0.7214637392050074,0.7868550919786842
0.05,VaR,GJR-GARCH,normal,low,2500,10000,0.6366969752701362,0.6815018201905314,0.6963052590326047,0.7115201647648961,0.7563242996786124
0.05,VaR,GJR-GARCH,normal,low,5000,10000,0.6476354726350148,0.6825870266006135,0.6942915333389085,0.7058895203809491,0.7407133061291965
0.05,VaR,GJR-GARCH,t4,high,500,9997,0.4959549447367534,0.7183194129439456,0.781797778223964,0.8681482803749905,1.092813973792758
0.05,VaR,GJR-GARCH,t4,high,1000,10000,0.5710742367960829,0.7498354970798459,0.8029578821471977,0.8693151258878995,1.0484454049768643
0.05,VaR,GJR-GARCH,t4,high,2500,10000,0.6459605890622447,0.7760577875928892,0.8149245961060079,0.8645764180742487,0.9972788982049856
0.05,VaR,GJR-GARCH,t4,high,5000,10000,0.6774431823511324,0.7847915959757596,0.8164853828361602,0.8564140959106676,0.9637310812943491
0.05,VaR,GJR-GARCH,t4,low,500,9998,0.4917811012205686,0.7338873997401496,0.8023301244960619,0.8981025373021251,1.1444005131841757
0.05,VaR,GJR-GARCH,t4,low,1000,10000,0.5649297101327466,0.7618739933271967,0.8170424163692211,0.8950104577639431,1.094191702825789
0.05,VaR,GJR-GARCH,t4,low,2500,10000,0.64299110490933,0.7834087944001813,0.8261508839952261,0.8810501331001783,1.027436994471025
0.05,VaR,GJR-GARCH,t4,low,5000,10000,0.6727150631739635,0.7901970053878582,0.8265867972144633,0.8708238688923526,0.9916227918933046
0.05,VaR,GJR-GARCH,t8,high,500,9998,0.5452955318756108,0.6812509825817818,0.7224245489869829,0.7723982063494779,0.908582683200068
0.05,VaR,GJR-GARCH,t8,high,1000,10000,0.5940672957977131,0.6990309408925449,0.730788987086211,0.7692976821440775,0.8743203412287127
0.05,VaR,GJR-GARCH,t8,high,2500,10000,0.6431563734580066,0.7132506279510769,0.7357281929579826,0.7605251857648124,0.8313581633047649
0.05,VaR,GJR-GARCH,t8,high,5000,10000,0.6645139621002801,0.7181314338952343,0.7345639831772169,0.754008515807094,0.807815701629892
0.05,VaR,GJR-GARCH,t8,low,500,9998,0.5569597901537543,0.6921774958963958,0.7327214699032896,0.7829174067208756,0.9186762604398
0.05,VaR,GJR-GARCH,t8,low,1000,10000,0.6015459266389449,0.7061357879052115,0.7377465227879934,0.7758758418954221,0.8803670848807972
0.05,VaR,GJR-GARCH,t8,low,2500,10000,0.644453073385163,0.7167780201433555,0.7383409560960217,0.7650436243758565,0.837406381281911
0.05,VaR,GJR-GARCH,t8,low,5000,10000,0.6625298359731668,0.7195485775619102,0.7368049735369941,0.7576238582044006,0.8147363325915514
0.05,ES,GARCH,normal,high,500,9985,0.3996076174911919,0.5157245476940708,0.553595255056734,0.5936982349668762,0.7105728406928775
0.05,ES,GARCH,normal,high,1000,10000,0.453250928364086,0.5342231911958504,0.5591757646008279,0.5885884255613195,0.6700786499390853
0.05,ES,GARCH,normal,high,2500,10000,0.4999673434409531,0.549294885770495,0.5647631783612224,0.5821799529106885,0.6314853277809666
0.05,ES,GARCH,normal,high,5000,10000,0.5199865013547452,0.5557457171585163,0.5668650233391981,0.579771502787157,0.6156960153904267
0.05,ES,GARCH,normal,low,500,9966,0.4200281105453418,0.5305417393598173,0.5661306643179609,0.6054590507352344,0.7176643497292851
0.05,ES,GARCH,normal,low,1000,9995,0.4683156473008842,0.5448130766301862,0.5682309498832852,0.5959857088184508,0.6727315877853661
0.05,ES,GARCH,normal,low,2500,10000,0.5056405261382358,0.554072584119056,0.568895829330007,0.5864515548172665,0.6350170339047475
0.05,ES,GARCH,normal,low,5000,10000,0.5231048817892783,0.5581180407258464,0.5691592290864249,0.5819100245025117,0.617573633560418
0.05,ES,GARCH,t4,high,500,9987,0.3702191474387492,0.4470761554876751,0.4713424804337997,0.4986265778479224,0.5758640461258269
0.05,ES,GARCH,t4,high,1000,10000,0.4037042758270879,0.4563010435177639,0.47359523998877273,0.49144915049641547,0.544087592915212
0.05,ES,GARCH,t4,high,2500,10000,0.4233698515511803,0.461269153352198,0.47468013101327367,0.4865596990495477,0.5242882560705225
0.05,ES,GARCH,t4,high,5000,10000,0.4320184016489122,0.4633136382076419,0.4741163903651717,0.48422951976027206,0.5151468093827245
0.05,ES,GARCH,t4,low,500,9956,0.3730071911113347,0.4504184407188381,0.4759498762196214,0.5023024270145713,0.5799299869901291
0.05,ES,GARCH,t4,low,1000,9990,0.399538255101954,0.45647984476117937,0.47581857386202503,0.4946771967893029,0.551966481112599
0.05,ES,GARCH,t4,low,2500,10000,0.4188898942492684,0.46010877304302705,0.4741015350209882,0.48759930351266995,0.5276995253178309
0.05,ES,GARCH,t4,low,5000,10000,0.4270232580893087,0.4611786216669971,0.4727026661969356,0.48402349730800376,0.518057103694048
0.05,ES,GARCH,t8,high,500,9986,0.3715687192079441,0.4704679562187861,0.5019135706731881,0.536635495940626,0.6358540934635316
0.05,ES,GARCH,t8,high,1000,10000,0.4149887093668078,0.4826432853055248,0.5049661903019409,0.5277891756109565,0.5954082815117386
0.05,ES,GARCH,t8,high,2500,10000,0.4473779067974247,0.4917202478662654,0.5068195999970928,0.5212969141896703,0.5648485237770414
0.05,ES,GARCH,t8,high,5000,10000,0.4620054501010081,0.4954352566855977,0.5075174859455505,0.5177294484423143,0.5510322525883736
0.05,ES,GARCH,t8,low,500,9961,0.3777091095496474,0.477704303672662,0.5095566126939132,0.544408018247019,0.6444404347840206
0.05,ES,GARCH,t8,low,1000,9997,0.417578718791265,0.4866063069047854,0.510080806639887,0.532751263912236,0.6019568077578104
0.05,ES,GARCH,t8,low,2500,10000,0.4484022982846914,0.4933656336477699,0.5090632186959085,0.5233586744899905,0.5682776348295014
0.05,ES,GARCH,t8,low,5000,10000,0.4617792357921327,0.4960461603487648,0.5081005190789627,0.5189329070749886,0.553217830145401
0.05,ES,GJR-GARCH,normal,high,500,9996,0.4054043678574917,0.5086445786331283,0.5424999021478456,0.5778987216353333,0.6817498127151006
0.05,ES,GJR-GARCH,normal,high,1000,10000,0.4575611032582007,0.529504166031985,0.5533223367827271,0.5774787665597136,0.649299673290814
0.05,ES,GJR-GARCH,normal,high,2500,10000,0.5014686423509064,0.545817723887206,0.5602292004000623,0.5754204049058644,0.6196761203741474
0.05,ES,GJR-GARCH,normal,high,5000,10000,0.5214091776989694,0.5530558165300621,0.5630871322391384,0.574160022907726,0.6057848689073743
0.05,ES,GJR-GARCH,normal,low,500,9998,0.4377010378741869,0.531672955148817,0.5610572277592067,0.5944854755958734,0.688465883586582
0.05,ES,GJR-GARCH,normal,low,1000,10000,0.47841129022563,0.5442105336596297,0.5645044572162745,0.5881789750345423,0.6539227857941937
0.05,ES,GJR-GARCH,normal,low,2500,10000,0.5112380195658435,0.5529638136910298,0.5658110202080906,0.5808099293279066,0.6225696534742013
0.05,ES,GJR-GARCH,normal,low,5000,10000,0.526281597225682,0.5568554070817571,0.5664012057937753,0.5773657721671316,0.6080699095571287
0.05,ES,GJR-GARCH,t4,high,500,9997,0.3778029174150303,0.4493016256911867,0.4730216701316978,0.4969786270961923,0.5681875436325589
0.05,ES,GJR-GARCH,t4,high,1000,10000,0.409917626380131,0.4598661869553569,0.47646928194419014,0.4932535068351945,0.5431284853986104
0.05,ES,GJR-GARCH,t4,high,2500,10000,0.4323438645060302,0.466494453187942,0.4783883487658615,0.48934718755860207,0.5234790829080124
0.05,ES,GJR-GARCH,t4,high,5000,10000,0.4412070679165728,0.46898218733321967,0.4788078741131936,0.48750137294960016,0.5144742529017464
0.05,ES,GJR-GARCH,t4,low,500,9998,0.3862357578126099,0.4560393828079183,0.4787389952594864,0.5031132085811418,0.5737045945592182
0.05,ES,GJR-GARCH,t4,low,1000,10000,0.4119834163459944,0.4627648479685188,0.48004961677556923,0.4966598351311325,0.5472953540811799
0.05,ES,GJR-GARCH,t4,low,2500,10000,0.4302782582835888,0.46635565629494274,0.47898602868105045,0.4905088639477872,0.5252124903549195
0.05,ES,GJR-GARCH,t4,low,5000,10000,0.4363833977762982,0.4673401232514086,0.4779912666906006,0.4879993019861841,0.5179449661114055
0.05,ES,GJR-GARCH,t8,high,500,9998,0.3817059321619289,0.47144737137552173,0.5012793948174195,0.5313274406961777,0.6201293069444017
0.05,ES,GJR-GARCH,t8,high,1000,10000,0.4230910925919955,0.48520889000822515,0.506015102593224,0.5266966168424587,0.5887448880341017
0.05,ES,GJR-GARCH,t8,high,2500,10000,0.455362394611296,0.49523500076393706,0.5089828740845008,0.5218778431416653,0.5617966742316949
0.05,ES,GJR-GARCH,t8,high,5000,10000,0.4695492100797814,0.4991839865034853,0.5099208695484494,0.5190093413203369,0.5486762887968247
0.05,ES,GJR-GARCH,t8,low,500,9998,0.3981163229546333,0.48374908757316154,0.5120964044268917,0.5414538337975201,0.6276979318720216
0.05,ES,GJR-GARCH,t8,low,1000,10000,0.4317752242594106,0.49229524519103335,0.5128065737741232,0.5327753105134885,0.593469548416032
0.05,ES,GJR-GARCH,t8,low,2500,10000,0.4583875270604624,0.4980273416686044,0.5117357463289601,0.5245396196588981,0.5641901175525292
0.05,ES,GJR-GARCH,t8,low,5000,10000,0.4697138329300853,0.5000974264242941,0.5110216953168145,0.5204203319917283,0.5508339529071415
