model,distribution,persistence,n,rep,z_xi,z_ce
GARCH,normal,high,500.000000,1.000000,0.171653,0.385184
GARCH,normal,high,500.000000,2.000000,3.142169,2.051226
GARCH,normal,high,500.000000,3.000000,1.722358,0.323918
GARCH,normal,high,500.000000,4.000000,0.675643,1.009601
GARCH,normal,high,500.000000,5.000000,1.740844,1.653917
GARCH,normal,high,500.000000,6.000000,1.368637,1.266934
GARCH,normal,high,500.000000,7.000000,3.343350,1.030436
GARCH,normal,high,500.000000,8.000000,0.537810,1.172264
GARCH,normal,high,500.000000,9.000000,0.917113,0.742097
GARCH,normal,high,500.000000,10.000000,1.763914,1.712242
GARCH,normal,high,500.000000,11.000000,1.752534,1.067575
GARCH,normal,high,500.000000,12.000000,0.149190,0.390192
GARCH,normal,high,500.000000,13.000000,1.495045,0.848811
GARCH,normal,high,500.000000,14.000000,0.127757,-0.651514
GARCH,normal,high,500.000000,15.000000,1.934935,0.736749
GARCH,normal,high,500.000000,16.000000,1.391415,0.662018
GARCH,normal,high,500.000000,17.000000,1.875822,1.921483
GARCH,normal,high,500.000000,18.000000,1.048790,0.988106
GARCH,normal,high,500.000000,19.000000,3.429576,1.734954
GARCH,normal,high,500.000000,20.000000,0.287157,0.161853
GARCH,normal,high,500.000000,21.000000,-1.128923,-0.832407
GARCH,normal,high,500.000000,22.000000,2.016410,1.010493
GARCH,normal,high,500.000000,23.000000,0.653520,-0.369196
GARCH,normal,high,500.000000,24.000000,1.463636,0.254991
GARCH,normal,high,500.000000,25.000000,-0.558720,-0.362462
GARCH,normal,high,500.000000,26.000000,0.618153,1.152263
GARCH,normal,high,500.000000,27.000000,0.675322,0.856221
GARCH,normal,high,500.000000,28.000000,2.742529,1.473368
GARCH,normal,high,500.000000,29.000000,1.226181,1.412461
GARCH,normal,high,500.000000,30.000000,1.941640,0.838214
GARCH,normal,high,500.000000,31.000000,-1.181859,-2.982703
GARCH,normal,high,500.000000,32.000000,0.326712,0.464841
GARCH,normal,high,500.000000,33.000000,1.726291,1.066200
GARCH,normal,high,500.000000,34.000000,0.178163,-0.150480
GARCH,normal,high,500.000000,35.000000,-0.296191,0.414939
GARCH,normal,high,500.000000,36.000000,1.402632,0.279113
GARCH,normal,high,500.000000,37.000000,1.280872,1.116671
GARCH,normal,high,500.000000,38.000000,0.554504,0.339627
GARCH,normal,high,500.000000,39.000000,0.354626,0.334887
GARCH,normal,high,500.000000,40.000000,1.470035,1.336407
GARCH,normal,high,500.000000,41.000000,0.202216,0.738447
GARCH,normal,high,500.000000,42.000000,1.646759,0.906458
GARCH,normal,high,500.000000,43.000000,0.152423,0.749930
GARCH,normal,high,500.000000,44.000000,1.161335,0.281695
GARCH,normal,high,500.000000,45.000000,1.601260,1.610769
GARCH,normal,high,500.000000,46.000000,1.067315,1.158098
GARCH,normal,high,500.000000,47.000000,0.091736,-0.090999
GARCH,normal,high,500.000000,48.000000,0.543922,-0.203389
GARCH,normal,high,500.000000,49.000000,1.751813,1.263850
GARCH,normal,high,500.000000,50.000000,1.625663,1.092732
GARCH,t4,high,500.000000,1.000000,0.807193,-0.089180
GARCH,t4,high,500.000000,2.000000,0.246502,0.705813
GARCH,t4,high,500.000000,3.000000,0.742452,-0.599899
GARCH,t4,high,500.000000,4.000000,0.969994,0.882046
GARCH,t4,high,500.000000,5.000000,-0.148835,-0.180359
GARCH,t4,high,500.000000,6.000000,2.667088,0.254598
GARCH,t4,high,500.000000,7.000000,1.680625,-1.423830
GARCH,t4,high,500.000000,8.000000,-0.745347,-0.898524
GARCH,t4,high,500.000000,9.000000,0.010221,-0.077437
GARCH,t4,high,500.000000,10.000000,-0.583165,-0.078254
GARCH,t4,high,500.000000,11.000000,1.082470,-0.436783
GARCH,t4,high,500.000000,12.000000,1.899957,0.749446
GARCH,t4,high,500.000000,13.000000,0.118542,-0.866642
GARCH,t4,high,500.000000,14.000000,1.582602,-0.428548
GARCH,t4,high,500.000000,15.000000,-1.374016,0.452327
GARCH,t4,high,500.000000,16.000000,0.861817,0.070773
GARCH,t4,high,500.000000,17.000000,0.255751,0.128588
GARCH,t4,high,500.000000,18.000000,-0.764374,-0.837304
GARCH,t4,high,500.000000,19.000000,-0.692936,-3.818257
GARCH,t4,high,500.000000,20.000000,2.228438,1.706356
GARCH,t4,high,500.000000,21.000000,2.464771,-0.254259
GARCH,t4,high,500.000000,22.000000,1.109869,0.470054
GARCH,t4,high,500.000000,23.000000,0.218999,-2.222134
GARCH,t4,high,500.000000,24.000000,-0.443627,-1.993148
GARCH,t4,high,500.000000,25.000000,0.397040,0.297543
GARCH,t4,high,500.000000,26.000000,2.256673,0.797454
GARCH,t4,high,500.000000,27.000000,0.617156,1.101855
GARCH,t4,high,500.000000,28.000000,0.548587,0.571559
GARCH,t4,high,500.000000,29.000000,1.834208,-0.742117
GARCH,t4,high,500.000000,30.000000,-0.261916,-0.541765
GARCH,t4,high,500.000000,31.000000,1.373069,0.104181
GARCH,t4,high,500.000000,32.000000,-0.156981,0.575952
GARCH,t4,high,500.000000,33.000000,-0.941775,-4.183972
GARCH,t4,high,500.000000,34.000000,0.413341,0.705962
GARCH,t4,high,500.000000,35.000000,0.852585,0.230756
GARCH,t4,high,500.000000,36.000000,0.647142,1.032407
GARCH,t4,high,500.000000,37.000000,1.692151,0.678502
GARCH,t4,high,500.000000,38.000000,-0.202820,-0.805210
GARCH,t4,high,500.000000,39.000000,-0.070800,-0.995239
GARCH,t4,high,500.000000,40.000000,-0.564555,-1.725183
GARCH,t4,high,500.000000,41.000000,0.209678,0.378645
GARCH,t4,high,500.000000,42.000000,1.096606,0.563821
GARCH,t4,high,500.000000,43.000000,-0.542470,-1.514824
GARCH,t4,high,500.000000,44.000000,1.980330,1.818134
GARCH,t4,high,500.000000,45.000000,0.358698,-0.538280
GARCH,t4,high,500.000000,46.000000,-0.992112,-1.884598
GARCH,t4,high,500.000000,47.000000,0.712842,1.249931
GARCH,t4,high,500.000000,48.000000,-0.428798,-0.213964
GARCH,t4,high,500.000000,49.000000,3.158383,0.304396
GARCH,t4,high,500.000000,50.000000,0.400425,-0.403300
GARCH,normal,high,5000.000000,1.000000,-1.090988,-0.771639
GARCH,normal,high,5000.000000,2.000000,2.033283,1.961637
GARCH,normal,high,5000.000000,3.000000,-0.073348,0.237071
GARCH,normal,high,5000.000000,4.000000,-0.056396,1.027021
GARCH,normal,high,5000.000000,5.000000,0.391742,0.923837
GARCH,normal,high,5000.000000,6.000000,0.314563,-0.393883
GARCH,normal,high,5000.000000,7.000000,1.040771,-0.211937
GARCH,normal,high,5000.000000,8.000000,-1.129326,-0.801488
GARCH,normal,high,5000.000000,9.000000,-0.384415,-0.394609
GARCH,normal,high,5000.000000,10.000000,2.579407,1.553780
GARCH,normal,high,5000.000000,11.000000,0.742429,0.237863
GARCH,normal,high,5000.000000,12.000000,1.866203,1.059942
GARCH,normal,high,5000.000000,13.000000,0.881239,0.908408
GARCH,normal,high,5000.000000,14.000000,0.887177,-0.613879
GARCH,normal,high,5000.000000,15.000000,-0.830810,-0.588380
GARCH,normal,high,5000.000000,16.000000,0.490639,-0.617124
GARCH,normal,high,5000.000000,17.000000,1.726331,0.883093
GARCH,normal,high,5000.000000,18.000000,0.191278,0.496568
GARCH,normal,high,5000.000000,19.000000,0.412984,0.039808
GARCH,normal,high,5000.000000,20.000000,-0.448170,0.082874
GARCH,normal,high,5000.000000,21.000000,0.061569,-0.543689
GARCH,normal,high,5000.000000,22.000000,-0.520615,-0.393453
GARCH,normal,high,5000.000000,23.000000,1.027687,0.102616
GARCH,normal,high,5000.000000,24.000000,0.096574,-0.928458
GARCH,normal,high,5000.000000,25.000000,-0.494596,-0.957770
GARCH,normal,high,5000.000000,26.000000,0.661582,0.208183
GARCH,normal,high,5000.000000,27.000000,-0.145253,-0.080850
GARCH,normal,high,5000.000000,28.000000,0.962220,0.535875
GARCH,normal,high,5000.000000,29.000000,0.178696,1.316945
GARCH,normal,high,5000.000000,30.000000,1.022062,0.611853
GARCH,normal,high,5000.000000,31.000000,-0.057955,-0.332633
GARCH,normal,high,5000.000000,32.000000,1.283358,1.041625
GARCH,normal,high,5000.000000,33.000000,0.634614,0.423158
GARCH,normal,high,5000.000000,34.000000,1.324919,-0.058121
GARCH,normal,high,5000.000000,35.000000,-1.064885,-0.961986
GARCH,normal,high,5000.000000,36.000000,-1.390322,-0.559707
GARCH,normal,high,5000.000000,37.000000,-0.417196,-1.145939
GARCH,normal,high,5000.000000,38.000000,-0.098460,0.037171
GARCH,normal,high,5000.000000,39.000000,-0.585854,1.425884
GARCH,normal,high,5000.000000,40.000000,-0.094962,0.164700
GARCH,normal,high,5000.000000,41.000000,-0.273273,1.125541
GARCH,normal,high,5000.000000,42.000000,1.368854,1.461819
GARCH,normal,high,5000.000000,43.000000,-1.649171,-1.736510
GARCH,normal,high,5000.000000,44.000000,2.766397,2.776786
GARCH,normal,high,5000.000000,45.000000,-0.060060,-1.090084
GARCH,normal,high,5000.000000,46.000000,1.361791,0.387953
GARCH,normal,high,5000.000000,47.000000,1.792798,0.354781
GARCH,normal,high,5000.000000,48.000000,-0.435862,0.894425
GARCH,normal,high,5000.000000,49.000000,0.214441,-0.932851
GARCH,normal,high,5000.000000,50.000000,1.656723,0.525389
GARCH,t4,high,5000.000000,1.000000,0.713064,0.576499
GARCH,t4,high,5000.000000,2.000000,1.230428,0.380741
GARCH,t4,high,5000.000000,3.000000,-0.113325,-1.070563
GARCH,t4,high,5000.000000,4.000000,2.189617,1.359235
GARCH,t4,high,5000.000000,5.000000,0.200065,-0.388536
GARCH,t4,high,5000.000000,6.000000,1.450037,0.863985
GARCH,t4,high,5000.000000,7.000000,1.346119,0.319370
GARCH,t4,high,5000.000000,8.000000,0.430883,-0.860887
GARCH,t4,high,5000.000000,9.000000,-0.884177,0.150891
GARCH,t4,high,5000.000000,10.000000,-0.346324,-0.459965
GARCH,t4,high,5000.000000,11.000000,0.002968,-0.935082
GARCH,t4,high,5000.000000,12.000000,0.855047,-0.775250
GARCH,t4,high,5000.000000,13.000000,-0.288613,0.006876
GARCH,t4,high,5000.000000,14.000000,0.092903,0.471553
GARCH,t4,high,5000.000000,15.000000,-2.755512,-2.337072
GARCH,t4,high,5000.000000,16.000000,-0.264110,-1.102683
GARCH,t4,high,5000.000000,17.000000,-0.058505,0.268973
GARCH,t4,high,5000.000000,18.000000,-1.435076,-2.602999
GARCH,t4,high,5000.000000,19.000000,1.021448,0.128513
GARCH,t4,high,5000.000000,20.000000,-0.167080,-1.013485
GARCH,t4,high,5000.000000,21.000000,-0.148560,0.155843
GARCH,t4,high,5000.000000,22.000000,0.523326,-0.566608
GARCH,t4,high,5000.000000,23.000000,0.370461,0.952979
GARCH,t4,high,5000.000000,24.000000,1.136626,1.351102
GARCH,t4,high,5000.000000,25.000000,-0.952783,-0.865333
GARCH,t4,high,5000.000000,26.000000,0.462267,-0.430434
GARCH,t4,high,5000.000000,27.000000,0.054906,-1.618527
GARCH,t4,high,5000.000000,28.000000,1.021155,1.081386
GARCH,t4,high,5000.000000,29.000000,0.073652,-0.046077
GARCH,t4,high,5000.000000,30.000000,2.412577,0.561995
GARCH,t4,high,5000.000000,31.000000,-0.478109,-0.512297
GARCH,t4,high,5000.000000,32.000000,-0.629887,-0.863797
GARCH,t4,high,5000.000000,33.000000,0.871382,-0.447038
GARCH,t4,high,5000.000000,34.000000,0.997057,0.497095
GARCH,t4,high,5000.000000,35.000000,0.758480,0.482569
GARCH,t4,high,5000.000000,36.000000,1.648875,1.312392
GARCH,t4,high,5000.000000,37.000000,1.436706,0.446419
GARCH,t4,high,5000.000000,38.000000,-0.226041,-0.019737
GARCH,t4,high,5000.000000,39.000000,-2.427695,-2.230401
GARCH,t4,high,5000.000000,40.000000,0.985863,-0.288878
GARCH,t4,high,5000.000000,41.000000,-1.756499,0.096997
GARCH,t4,high,5000.000000,42.000000,0.726169,0.442241
GARCH,t4,high,5000.000000,43.000000,0.691567,1.226242
GARCH,t4,high,5000.000000,44.000000,-0.547241,1.407066
GARCH,t4,high,5000.000000,45.000000,-0.678725,-1.405599
GARCH,t4,high,5000.000000,46.000000,0.259794,1.300362
GARCH,t4,high,5000.000000,47.000000,2.048127,0.446313
GARCH,t4,high,5000.000000,48.000000,0.559403,0.554026
GARCH,t4,high,5000.000000,49.000000,0.289399,1.049780
GARCH,t4,high,5000.000000,50.000000,0.463818,1.093083
GJR-GARCH,normal,high,500.000000,1.000000,0.071568,-0.780595
GJR-GARCH,normal,high,500.000000,2.000000,3.638992,2.722432
GJR-GARCH,normal,high,500.000000,3.000000,1.863576,1.300283
GJR-GARCH,normal,high,500.000000,4.000000,0.840419,0.716763
GJR-GARCH,normal,high,500.000000,5.000000,1.466179,1.658624
GJR-GARCH,normal,high,500.000000,6.000000,1.434668,1.503075
GJR-GARCH,normal,high,500.000000,7.000000,2.760791,-0.616604
GJR-GARCH,normal,high,500.000000,8.000000,0.237716,1.192947
GJR-GARCH,normal,high,500.000000,9.000000,0.754808,0.798667
GJR-GARCH,normal,high,500.000000,10.000000,1.276801,1.108327
GJR-GARCH,normal,high,500.000000,11.000000,1.211347,0.794008
GJR-GARCH,normal,high,500.000000,12.000000,0.304617,0.397906
GJR-GARCH,normal,high,500.000000,13.000000,1.571423,-0.318301
GJR-GARCH,normal,high,500.000000,14.000000,0.320322,0.744937
GJR-GARCH,normal,high,500.000000,15.000000,1.541166,0.348866
GJR-GARCH,normal,high,500.000000,16.000000,1.223261,0.687788
GJR-GARCH,normal,high,500.000000,17.000000,1.567097,1.089022
GJR-GARCH,normal,high,500.000000,18.000000,1.128770,1.218298
GJR-GARCH,normal,high,500.000000,19.000000,3.677357,1.823509
GJR-GARCH,normal,high,500.000000,20.000000,-0.214421,0.500211
GJR-GARCH,normal,high,500.000000,21.000000,-1.265950,-1.761370
GJR-GARCH,normal,high,500.000000,22.000000,2.006770,0.954111
GJR-GARCH,normal,high,500.000000,23.000000,0.676285,-0.517283
GJR-GARCH,normal,high,500.000000,24.000000,1.062422,-0.836692
GJR-GARCH,normal,high,500.000000,25.000000,-0.982214,-1.042029
GJR-GARCH,normal,high,500.000000,26.000000,1.002090,0.330283
GJR-GARCH,normal,high,500.000000,27.000000,-0.117615,0.402215
GJR-GARCH,normal,high,500.000000,28.000000,2.552214,1.053394
GJR-GARCH,normal,high,500.000000,29.000000,0.994712,1.272907
GJR-GARCH,normal,high,500.000000,30.000000,1.955949,0.803415
GJR-GARCH,normal,high,500.000000,31.000000,-1.117162,-1.607183
GJR-GARCH,normal,high,500.000000,32.000000,0.362499,-0.884599
GJR-GARCH,normal,high,500.000000,33.000000,1.488295,0.736924
GJR-GARCH,normal,high,500.000000,34.000000,0.344425,0.025378
GJR-GARCH,normal,high,500.000000,35.000000,-0.547182,0.252141
GJR-GARCH,normal,high,500.000000,36.000000,1.126603,0.311121
GJR-GARCH,normal,high,500.000000,37.000000,0.986600,1.078307
GJR-GARCH,normal,high,500.000000,38.000000,0.393011,0.156739
GJR-GARCH,normal,high,500.000000,39.000000,-0.087289,-0.942916
GJR-GARCH,normal,high,500.000000,40.000000,1.301126,1.111024
GJR-GARCH,normal,high,500.000000,41.000000,-0.014508,0.513168
GJR-GARCH,normal,high,500.000000,42.000000,1.912737,0.337671
GJR-GARCH,normal,high,500.000000,43.000000,0.185309,0.483268
GJR-GARCH,normal,high,500.000000,44.000000,1.059210,-0.150071
GJR-GARCH,normal,high,500.000000,45.000000,0.514538,1.223573
GJR-GARCH,normal,high,500.000000,46.000000,0.979051,1.107311
GJR-GARCH,normal,high,500.000000,47.000000,0.340315,1.133570
GJR-GARCH,normal,high,500.000000,48.000000,0.322888,0.137518
GJR-GARCH,normal,high,500.000000,49.000000,1.859323,1.094604
GJR-GARCH,normal,high,500.000000,50.000000,0.878764,0.959555
GJR-GARCH,t4,high,500.000000,1.000000,0.449381,-0.525484
GJR-GARCH,t4,high,500.000000,2.000000,0.208476,0.440414
GJR-GARCH,t4,high,500.000000,3.000000,0.319048,0.196929
GJR-GARCH,t4,high,500.000000,4.000000,0.970450,1.063447
GJR-GARCH,t4,high,500.000000,5.000000,-0.281078,-0.127233
GJR-GARCH,t4,high,500.000000,6.000000,2.555857,1.042023
GJR-GARCH,t4,high,500.000000,7.000000,1.744013,-2.404277
GJR-GARCH,t4,high,500.000000,8.000000,-0.552781,-0.605288
GJR-GARCH,t4,high,500.000000,9.000000,-0.048550,-0.217719
GJR-GARCH,t4,high,500.000000,10.000000,-0.460214,-0.312841
GJR-GARCH,t4,high,500.000000,11.000000,1.106112,-0.712163
GJR-GARCH,t4,high,500.000000,12.000000,1.857140,0.578505
GJR-GARCH,t4,high,500.000000,13.000000,-0.272579,-1.342023
GJR-GARCH,t4,high,500.000000,14.000000,0.914353,-1.220972
GJR-GARCH,t4,high,500.000000,15.000000,-1.149383,1.021587
GJR-GARCH,t4,high,500.000000,16.000000,0.761775,0.004447
GJR-GARCH,t4,high,500.000000,17.000000,0.557583,0.370239
GJR-GARCH,t4,high,500.000000,18.000000,-0.448240,-0.974912
GJR-GARCH,t4,high,500.000000,19.000000,0.426516,0.111181
GJR-GARCH,t4,high,500.000000,20.000000,2.028051,1.359670
GJR-GARCH,t4,high,500.000000,21.000000,2.277892,-0.098082
GJR-GARCH,t4,high,500.000000,22.000000,0.862279,-0.351900
GJR-GARCH,t4,high,500.000000,23.000000,0.358417,-4.593974
GJR-GARCH,t4,high,500.000000,24.000000,-0.254977,-1.985679
GJR-GARCH,t4,high,500.000000,25.000000,0.345982,0.010720
GJR-GARCH,t4,high,500.000000,26.000000,3.111828,1.013037
GJR-GARCH,t4,high,500.000000,27.000000,0.423543,0.778426
GJR-GARCH,t4,high,500.000000,28.000000,0.018672,0.644655
GJR-GARCH,t4,high,500.000000,29.000000,1.914526,0.687362
GJR-GARCH,t4,high,500.000000,30.000000,-0.278907,-0.750858
GJR-GARCH,t4,high,500.000000,31.000000,1.406917,0.731831
GJR-GARCH,t4,high,500.000000,32.000000,-0.219066,0.439034
GJR-GARCH,t4,high,500.000000,33.000000,-0.691427,-2.000089
GJR-GARCH,t4,high,500.000000,34.000000,0.536221,0.244448
GJR-GARCH,t4,high,500.000000,35.000000,0.549135,-0.257635
GJR-GARCH,t4,high,500.000000,36.000000,0.811776,0.457864
GJR-GARCH,t4,high,500.000000,37.000000,1.975093,1.045868
GJR-GARCH,t4,high,500.000000,38.000000,-0.576734,-0.549445
GJR-GARCH,t4,high,500.000000,39.000000,-0.214502,-1.232885
GJR-GARCH,t4,high,500.000000,40.000000,-0.617057,-1.801484
GJR-GARCH,t4,high,500.000000,41.000000,0.364813,0.113164
GJR-GARCH,t4,high,500.000000,42.000000,0.864436,0.365425
GJR-GARCH,t4,high,500.000000,43.000000,-0.221962,-0.509148
GJR-GARCH,t4,high,500.000000,44.000000,1.951013,1.626680
GJR-GARCH,t4,high,500.000000,45.000000,0.817056,-1.488142
GJR-GARCH,t4,high,500.000000,46.000000,-0.969134,-1.525787
GJR-GARCH,t4,high,500.000000,47.000000,0.754604,1.147963
GJR-GARCH,t4,high,500.000000,48.000000,-0.364257,-0.906187
GJR-GARCH,t4,high,500.000000,49.000000,2.770000,-0.863249
GJR-GARCH,t4,high,500.000000,50.000000,-0.507357,-0.715629
GJR-GARCH,normal,high,5000.000000,1.000000,-1.136047,0.061755
GJR-GARCH,normal,high,5000.000000,2.000000,1.802626,0.638752
GJR-GARCH,normal,high,5000.000000,3.000000,-0.219927,0.536180
GJR-GARCH,normal,high,5000.000000,4.000000,-0.136288,1.148993
GJR-GARCH,normal,high,5000.000000,5.000000,0.227144,0.959899
GJR-GARCH,normal,high,5000.000000,6.000000,0.315620,0.256154
GJR-GARCH,normal,high,5000.000000,7.000000,0.868458,0.081138
GJR-GARCH,normal,high,5000.000000,8.000000,-1.152890,-0.512254
GJR-GARCH,normal,high,5000.000000,9.000000,-0.482044,-0.652017
GJR-GARCH,normal,high,5000.000000,10.000000,2.401153,1.817747
GJR-GARCH,normal,high,5000.000000,11.000000,0.646669,-0.414316
GJR-GARCH,normal,high,5000.000000,12.000000,1.813498,1.187920
GJR-GARCH,normal,high,5000.000000,13.000000,0.762423,0.528727
GJR-GARCH,normal,high,5000.000000,14.000000,0.803173,-0.946334
GJR-GARCH,normal,high,5000.000000,15.000000,-1.239519,-0.798692
GJR-GARCH,normal,high,5000.000000,16.000000,0.496341,0.634742
GJR-GARCH,normal,high,5000.000000,17.000000,1.640511,0.511452
GJR-GARCH,normal,high,5000.000000,18.000000,0.038626,0.281808
GJR-GARCH,normal,high,5000.000000,19.000000,0.515506,0.248569
GJR-GARCH,normal,high,5000.000000,20.000000,-0.602557,0.236233
GJR-GARCH,normal,high,5000.000000,21.000000,-0.110177,-0.527883
GJR-GARCH,normal,high,5000.000000,22.000000,-0.562433,-0.256471
GJR-GARCH,normal,high,5000.000000,23.000000,0.930298,0.513676
GJR-GARCH,normal,high,5000.000000,24.000000,0.070573,-0.839927
GJR-GARCH,normal,high,5000.000000,25.000000,-0.605900,-0.464123
GJR-GARCH,normal,high,5000.000000,26.000000,0.579799,0.360440
GJR-GARCH,normal,high,5000.000000,27.000000,-0.302170,-1.090839
GJR-GARCH,normal,high,5000.000000,28.000000,0.816788,0.016529
GJR-GARCH,normal,high,5000.000000,29.000000,0.047813,-0.059917
GJR-GARCH,normal,high,5000.000000,30.000000,0.876500,0.536954
GJR-GARCH,normal,high,5000.000000,31.000000,-0.136763,0.576911
GJR-GARCH,normal,high,5000.000000,32.000000,1.226297,0.804843
GJR-GARCH,normal,high,5000.000000,33.000000,0.486476,0.486940
GJR-GARCH,normal,high,5000.000000,34.000000,1.331113,0.401219
GJR-GARCH,normal,high,5000.000000,35.000000,-1.134645,-1.078247
GJR-GARCH,normal,high,5000.000000,36.000000,-1.509895,-0.950472
GJR-GARCH,normal,high,5000.000000,37.000000,-0.637508,-1.205736
GJR-GARCH,normal,high,5000.000000,38.000000,-0.253982,-0.267780
GJR-GARCH,normal,high,5000.000000,39.000000,-0.712807,1.115135
GJR-GARCH,normal,high,5000.000000,40.000000,-0.134257,-0.299676
GJR-GARCH,normal,high,5000.000000,41.000000,-0.420231,1.395613
GJR-GARCH,normal,high,5000.000000,42.000000,1.364505,1.179647
GJR-GARCH,normal,high,5000.000000,43.000000,-1.880834,-2.044960
GJR-GARCH,normal,high,5000.000000,44.000000,2.580420,2.368364
GJR-GARCH,normal,high,5000.000000,45.000000,-0.051149,-0.338142
GJR-GARCH,normal,high,5000.000000,46.000000,1.270176,0.032926
GJR-GARCH,normal,high,5000.000000,47.000000,1.732114,0.316468
GJR-GARCH,normal,high,5000.000000,48.000000,-0.609669,0.322055
GJR-GARCH,normal,high,5000.000000,49.000000,0.138274,-1.275610
GJR-GARCH,normal,high,5000.000000,50.000000,1.417261,0.656279
GJR-GARCH,t4,high,5000.000000,1.000000,0.678217,0.580843
GJR-GARCH,t4,high,5000.000000,2.000000,1.133624,0.093146
GJR-GARCH,t4,high,5000.000000,3.000000,-0.229587,-1.054303
GJR-GARCH,t4,high,5000.000000,4.000000,2.337678,0.764407
GJR-GARCH,t4,high,5000.000000,5.000000,0.131497,-0.303491
GJR-GARCH,t4,high,5000.000000,6.000000,1.357148,0.405934
GJR-GARCH,t4,high,5000.000000,7.000000,1.156368,-0.043865
GJR-GARCH,t4,high,5000.000000,8.000000,0.383581,-0.827997
GJR-GARCH,t4,high,5000.000000,9.000000,-0.505637,-0.104083
GJR-GARCH,t4,high,5000.000000,10.000000,-0.404652,-0.046000
GJR-GARCH,t4,high,5000.000000,11.000000,0.070384,-1.087772
GJR-GARCH,t4,high,5000.000000,12.000000,0.827581,0.138979
GJR-GARCH,t4,high,5000.000000,13.000000,-0.324044,-0.657103
GJR-GARCH,t4,high,5000.000000,14.000000,-0.106536,-0.063825
GJR-GARCH,t4,high,5000.000000,15.000000,-2.787420,-1.619119
GJR-GARCH,t4,high,5000.000000,16.000000,-0.301038,-1.056542
GJR-GARCH,t4,high,5000.000000,17.000000,0.001259,-0.624846
GJR-GARCH,t4,high,5000.000000,18.000000,-1.437117,-2.546018
GJR-GARCH,t4,high,5000.000000,19.000000,0.821381,0.253437
GJR-GARCH,t4,high,5000.000000,20.000000,-0.233097,0.075330
GJR-GARCH,t4,high,5000.000000,21.000000,-0.188257,-0.122214
GJR-GARCH,t4,high,5000.000000,22.000000,0.364732,-0.649702
GJR-GARCH,t4,high,5000.000000,23.000000,0.278289,1.130199
GJR-GARCH,t4,high,5000.000000,24.000000,1.185281,1.200749
GJR-GARCH,t4,high,5000.000000,25.000000,-0.963168,-0.720550
GJR-GARCH,t4,high,5000.000000,26.000000,0.380979,-0.931108
GJR-GARCH,t4,high,5000.000000,27.000000,-0.017737,-1.012678
GJR-GARCH,t4,high,5000.000000,28.000000,0.807173,0.572774
GJR-GARCH,t4,high,5000.000000,29.000000,0.050649,-0.716693
GJR-GARCH,t4,high,5000.000000,30.000000,2.407456,0.441204
GJR-GARCH,t4,high,5000.000000,31.000000,-1.005609,-0.040491
GJR-GARCH,t4,high,5000.000000,32.000000,-0.630187,-0.938448
GJR-GARCH,t4,high,5000.000000,33.000000,0.860097,1.052825
GJR-GARCH,t4,high,5000.000000,34.000000,0.970850,0.443657
GJR-GARCH,t4,high,5000.000000,35.000000,0.847822,0.325456
GJR-GARCH,t4,high,5000.000000,36.000000,1.542082,1.316388
GJR-GARCH,t4,high,5000.000000,37.000000,1.508839,0.223267
GJR-GARCH,t4,high,5000.000000,38.000000,-0.304138,-0.313004
GJR-GARCH,t4,high,5000.000000,39.000000,-2.471323,-1.747886
GJR-GARCH,t4,high,5000.000000,40.000000,0.958477,-0.248240
GJR-GARCH,t4,high,5000.000000,41.000000,-1.753902,0.732160
GJR-GARCH,t4,high,5000.000000,42.000000,0.586014,1.349026
GJR-GARCH,t4,high,5000.000000,43.000000,0.647032,1.235887
GJR-GARCH,t4,high,5000.000000,44.000000,-0.455790,1.305542
GJR-GARCH,t4,high,5000.000000,45.000000,-0.567912,-1.615597
GJR-GARCH,t4,high,5000.000000,46.000000,0.266990,1.245646
GJR-GARCH,t4,high,5000.000000,47.000000,1.907291,0.538083
GJR-GARCH,t4,high,5000.000000,48.000000,0.503167,0.328974
GJR-GARCH,t4,high,5000.000000,49.000000,0.269989,1.354609
GJR-GARCH,t4,high,5000.000000,50.000000,0.414535,0.996637
